Category,Id
8,1
6,2
9,3
9,4
1,5
7,6
6,7
4,8
7,9
2,10
8,11
2,12
1,13
0,14
0,15
6,16
3,17
0,18
4,19
8,20
6,21
6,22
6,23
6,24
6,25
6,26
1,27
5,28
1,29
1,30
9,31
9,32
5,33
1,34
0,35
6,36
1,37
3,38
3,39
6,40
1,41
7,42
3,43
2,44
0,45
0,46
8,47
0,48
2,49
7,50
7,51
0,52
7,53
1,54
2,55
9,56
9,57
9,58
4,59
7,60
5,61
6,62
2,63
0,64
2,65
7,66
1,67
5,68
4,69
3,70
4,71
6,72
7,73
1,74
6,75
7,76
0,77
3,78
1,79
1,80
9,81
4,82
8,83
3,84
5,85
8,86
0,87
2,88
1,89
4,90
4,91
1,92
1,93
5,94
7,95
7,96
7,97
9,98
1,99
2,100
0,101
4,102
8,103
2,104
0,105
1,106
9,107
5,108
8,109
6,110
8,111
1,112
1,113
3,114
7,115
7,116
8,117
4,118
3,119
0,120
5,121
8,122
9,123
3,124
8,125
8,126
1,127
3,128
3,129
8,130
1,131
8,132
9,133
9,134
6,135
9,136
4,137
1,138
7,139
6,140
1,141
3,142
9,143
5,144
3,145
1,146
1,147
7,148
1,149
3,150
3,151
0,152
9,153
7,154
2,155
1,156
0,157
6,158
1,159
0,160
1,161
6,162
2,163
7,164
0,165
7,166
3,167
0,168
4,169
5,170
8,171
0,172
3,173
7,174
5,175
3,176
6,177
7,178
1,179
5,180
1,181
9,182
9,183
4,184
8,185
2,186
9,187
2,188
0,189
3,190
3,191
4,192
4,193
2,194
3,195
0,196
5,197
7,198
7,199
4,200
9,201
5,202
9,203
4,204
3,205
8,206
7,207
4,208
6,209
9,210
2,211
2,212
3,213
9,214
6,215
6,216
8,217
6,218
1,219
5,220
9,221
2,222
8,223
0,224
0,225
8,226
6,227
1,228
9,229
3,230
3,231
5,232
4,233
3,234
0,235
3,236
7,237
0,238
4,239
3,240
0,241
4,242
2,243
6,244
4,245
9,246
2,247
1,248
7,249
2,250
7,251
3,252
9,253
2,254
3,255
9,256
7,257
8,258
2,259
0,260
0,261
2,262
0,263
5,264
0,265
8,266
4,267
3,268
0,269
2,270
2,271
4,272
9,273
8,274
0,275
3,276
9,277
8,278
9,279
7,280
9,281
3,282
9,283
4,284
3,285
4,286
9,287
4,288
8,289
3,290
5,291
1,292
9,293
3,294
7,295
0,296
7,297
1,298
4,299
8,300
9,301
7,302
0,303
5,304
9,305
1,306
3,307
0,308
0,309
9,310
6,311
5,312
8,313
5,314
1,315
9,316
0,317
3,318
4,319
4,320
2,321
0,322
9,323
9,324
9,325
0,326
2,327
2,328
9,329
1,330
6,331
6,332
8,333
0,334
1,335
3,336
8,337
5,338
3,339
3,340
5,341
9,342
7,343
0,344
1,345
3,346
7,347
7,348
5,349
6,350
6,351
9,352
0,353
9,354
2,355
7,356
4,357
8,358
9,359
6,360
9,361
7,362
7,363
7,364
4,365
1,366
3,367
8,368
4,369
7,370
7,371
0,372
1,373
4,374
0,375
8,376
8,377
1,378
0,379
4,380
0,381
3,382
4,383
0,384
9,385
5,386
4,387
7,388
0,389
4,390
1,391
7,392
3,393
9,394
0,395
5,396
7,397
5,398
5,399
1,400
4,401
0,402
7,403
7,404
3,405
1,406
9,407
4,408
0,409
3,410
3,411
3,412
3,413
5,414
8,415
4,416
9,417
4,418
1,419
5,420
4,421
9,422
4,423
2,424
2,425
5,426
1,427
4,428
7,429
2,430
8,431
7,432
1,433
2,434
8,435
1,436
2,437
7,438
3,439
9,440
1,441
1,442
8,443
1,444
5,445
1,446
8,447
1,448
6,449
1,450
5,451
2,452
0,453
6,454
5,455
2,456
7,457
3,458
1,459
5,460
5,461
3,462
1,463
2,464
9,465
6,466
5,467
7,468
1,469
8,470
9,471
3,472
9,473
2,474
9,475
6,476
8,477
6,478
0,479
3,480
9,481
7,482
6,483
9,484
8,485
1,486
0,487
0,488
8,489
9,490
6,491
9,492
6,493
8,494
8,495
9,496
9,497
1,498
4,499
4,500
8,501
8,502
6,503
3,504
1,505
4,506
8,507
6,508
6,509
7,510
3,511
1,512
0,513
7,514
3,515
8,516
1,517
5,518
0,519
4,520
4,521
4,522
8,523
8,524
7,525
0,526
4,527
3,528
9,529
2,530
2,531
9,532
6,533
9,534
1,535
9,536
6,537
1,538
4,539
1,540
5,541
4,542
6,543
7,544
5,545
2,546
2,547
6,548
1,549
7,550
1,551
5,552
6,553
4,554
8,555
5,556
1,557
8,558
4,559
7,560
8,561
7,562
5,563
2,564
6,565
5,566
4,567
7,568
1,569
4,570
7,571
3,572
5,573
5,574
8,575
4,576
1,577
5,578
2,579
9,580
2,581
1,582
5,583
4,584
9,585
1,586
9,587
9,588
2,589
8,590
6,591
7,592
9,593
2,594
2,595
8,596
2,597
9,598
6,599
1,600
0,601
9,602
4,603
8,604
4,605
3,606
0,607
9,608
7,609
7,610
8,611
6,612
1,613
5,614
9,615
3,616
5,617
1,618
2,619
8,620
4,621
1,622
5,623
0,624
0,625
1,626
6,627
6,628
1,629
9,630
5,631
2,632
1,633
5,634
8,635
2,636
5,637
7,638
4,639
7,640
8,641
0,642
3,643
1,644
8,645
8,646
8,647
4,648
9,649
3,650
5,651
9,652
9,653
7,654
1,655
0,656
2,657
3,658
0,659
6,660
5,661
8,662
7,663
1,664
6,665
8,666
9,667
7,668
9,669
7,670
6,671
4,672
4,673
2,674
9,675
5,676
6,677
9,678
2,679
4,680
0,681
0,682
7,683
4,684
6,685
6,686
3,687
7,688
5,689
6,690
5,691
0,692
4,693
3,694
7,695
3,696
1,697
3,698
7,699
5,700
0,701
5,702
4,703
2,704
3,705
6,706
2,707
1,708
7,709
9,710
0,711
3,712
6,713
5,714
3,715
2,716
7,717
4,718
9,719
6,720
6,721
7,722
7,723
0,724
6,725
5,726
5,727
1,728
8,729
8,730
4,731
9,732
8,733
3,734
2,735
5,736
3,737
2,738
1,739
6,740
5,741
7,742
4,743
9,744
9,745
8,746
2,747
1,748
4,749
3,750
5,751
0,752
9,753
8,754
8,755
1,756
7,757
4,758
9,759
9,760
1,761
2,762
2,763
3,764
9,765
4,766
9,767
3,768
2,769
9,770
0,771
6,772
5,773
4,774
0,775
2,776
5,777
5,778
8,779
0,780
9,781
8,782
1,783
4,784
4,785
8,786
1,787
5,788
9,789
6,790
2,791
7,792
7,793
5,794
8,795
9,796
1,797
2,798
5,799
8,800
9,801
6,802
8,803
5,804
9,805
4,806
7,807
3,808
7,809
9,810
3,811
8,812
0,813
4,814
3,815
5,816
9,817
7,818
1,819
1,820
2,821
1,822
7,823
1,824
0,825
1,826
4,827
0,828
4,829
4,830
3,831
3,832
6,833
6,834
4,835
9,836
1,837
3,838
0,839
6,840
3,841
7,842
4,843
2,844
4,845
3,846
8,847
5,848
4,849
8,850
0,851
1,852
0,853
9,854
8,855
1,856
9,857
1,858
5,859
0,860
0,861
8,862
6,863
4,864
2,865
9,866
8,867
8,868
9,869
8,870
6,871
8,872
4,873
4,874
0,875
4,876
4,877
6,878
2,879
5,880
3,881
3,882
6,883
7,884
7,885
5,886
9,887
4,888
2,889
9,890
5,891
1,892
7,893
0,894
1,895
6,896
9,897
3,898
3,899
0,900
6,901
2,902
1,903
2,904
6,905
9,906
7,907
2,908
1,909
1,910
5,911
5,912
6,913
8,914
3,915
3,916
2,917
9,918
4,919
4,920
3,921
2,922
2,923
2,924
2,925
9,926
9,927
2,928
3,929
6,930
6,931
4,932
0,933
8,934
2,935
5,936
3,937
2,938
5,939
8,940
6,941
0,942
7,943
3,944
4,945
7,946
1,947
4,948
8,949
8,950
0,951
6,952
5,953
1,954
5,955
5,956
7,957
9,958
9,959
7,960
6,961
1,962
9,963
0,964
5,965
2,966
9,967
7,968
6,969
8,970
6,971
3,972
4,973
0,974
7,975
8,976
2,977
2,978
9,979
0,980
6,981
0,982
1,983
4,984
1,985
0,986
4,987
7,988
7,989
4,990
8,991
6,992
4,993
3,994
1,995
8,996
7,997
6,998
1,999
2,1000
9,1001
6,1002
8,1003
4,1004
4,1005
1,1006
4,1007
4,1008
1,1009
6,1010
5,1011
0,1012
7,1013
4,1014
6,1015
5,1016
4,1017
3,1018
9,1019
7,1020
9,1021
4,1022
4,1023
0,1024
4,1025
2,1026
4,1027
0,1028
5,1029
8,1030
6,1031
5,1032
3,1033
4,1034
8,1035
1,1036
4,1037
1,1038
9,1039
9,1040
6,1041
0,1042
3,1043
6,1044
8,1045
1,1046
1,1047
1,1048
2,1049
9,1050
3,1051
0,1052
5,1053
4,1054
2,1055
2,1056
9,1057
9,1058
4,1059
3,1060
2,1061
2,1062
0,1063
7,1064
5,1065
1,1066
3,1067
4,1068
7,1069
5,1070
9,1071
9,1072
7,1073
5,1074
0,1075
4,1076
5,1077
0,1078
7,1079
6,1080
4,1081
8,1082
0,1083
7,1084
2,1085
7,1086
3,1087
3,1088
7,1089
3,1090
0,1091
7,1092
7,1093
9,1094
6,1095
4,1096
7,1097
0,1098
1,1099
3,1100
7,1101
2,1102
6,1103
0,1104
5,1105
4,1106
1,1107
4,1108
8,1109
4,1110
5,1111
6,1112
7,1113
7,1114
4,1115
6,1116
8,1117
2,1118
3,1119
2,1120
7,1121
9,1122
4,1123
3,1124
8,1125
4,1126
0,1127
3,1128
7,1129
4,1130
9,1131
9,1132
2,1133
1,1134
6,1135
8,1136
0,1137
4,1138
9,1139
0,1140
2,1141
2,1142
1,1143
6,1144
9,1145
4,1146
2,1147
1,1148
7,1149
0,1150
4,1151
9,1152
4,1153
7,1154
7,1155
5,1156
1,1157
8,1158
5,1159
3,1160
1,1161
5,1162
1,1163
2,1164
2,1165
8,1166
6,1167
0,1168
9,1169
3,1170
0,1171
0,1172
3,1173
0,1174
9,1175
0,1176
9,1177
9,1178
7,1179
3,1180
8,1181
8,1182
7,1183
8,1184
1,1185
0,1186
4,1187
3,1188
0,1189
4,1190
9,1191
5,1192
5,1193
4,1194
4,1195
6,1196
9,1197
2,1198
1,1199
7,1200
5,1201
5,1202
2,1203
9,1204
1,1205
9,1206
7,1207
6,1208
3,1209
9,1210
5,1211
6,1212
9,1213
8,1214
4,1215
8,1216
0,1217
7,1218
9,1219
8,1220
8,1221
1,1222
0,1223
8,1224
4,1225
1,1226
6,1227
0,1228
9,1229
0,1230
8,1231
2,1232
3,1233
1,1234
3,1235
2,1236
6,1237
2,1238
6,1239
9,1240
7,1241
6,1242
8,1243
4,1244
4,1245
6,1246
0,1247
1,1248
1,1249
9,1250
5,1251
6,1252
7,1253
3,1254
4,1255
9,1256
4,1257
3,1258
0,1259
7,1260
6,1261
0,1262
9,1263
6,1264
7,1265
8,1266
6,1267
6,1268
7,1269
1,1270
2,1271
1,1272
4,1273
8,1274
0,1275
2,1276
8,1277
8,1278
5,1279
6,1280
4,1281
9,1282
2,1283
1,1284
9,1285
6,1286
3,1287
0,1288
5,1289
0,1290
9,1291
8,1292
3,1293
3,1294
1,1295
3,1296
8,1297
3,1298
1,1299
1,1300
6,1301
4,1302
3,1303
7,1304
5,1305
4,1306
4,1307
5,1308
1,1309
8,1310
1,1311
6,1312
0,1313
0,1314
0,1315
7,1316
1,1317
7,1318
7,1319
7,1320
1,1321
0,1322
8,1323
7,1324
7,1325
5,1326
8,1327
8,1328
6,1329
8,1330
4,1331
4,1332
9,1333
3,1334
8,1335
2,1336
6,1337
8,1338
2,1339
1,1340
0,1341
0,1342
4,1343
6,1344
5,1345
6,1346
7,1347
1,1348
4,1349
8,1350
4,1351
3,1352
0,1353
8,1354
0,1355
6,1356
1,1357
9,1358
0,1359
4,1360
3,1361
6,1362
8,1363
8,1364
4,1365
9,1366
7,1367
2,1368
5,1369
2,1370
7,1371
6,1372
2,1373
0,1374
0,1375
7,1376
0,1377
4,1378
2,1379
6,1380
4,1381
5,1382
8,1383
1,1384
0,1385
9,1386
4,1387
9,1388
3,1389
7,1390
6,1391
3,1392
3,1393
1,1394
6,1395
1,1396
2,1397
4,1398
8,1399
2,1400
3,1401
4,1402
5,1403
6,1404
6,1405
6,1406
2,1407
3,1408
4,1409
3,1410
6,1411
8,1412
9,1413
7,1414
6,1415
4,1416
0,1417
0,1418
6,1419
8,1420
3,1421
1,1422
9,1423
7,1424
0,1425
9,1426
6,1427
6,1428
0,1429
6,1430
9,1431
2,1432
6,1433
6,1434
4,1435
9,1436
6,1437
8,1438
8,1439
5,1440
4,1441
9,1442
9,1443
7,1444
4,1445
9,1446
0,1447
7,1448
5,1449
6,1450
1,1451
8,1452
5,1453
8,1454
2,1455
6,1456
7,1457
2,1458
7,1459
4,1460
7,1461
9,1462
0,1463
7,1464
1,1465
8,1466
3,1467
4,1468
9,1469
8,1470
6,1471
5,1472
7,1473
0,1474
8,1475
5,1476
8,1477
5,1478
1,1479
6,1480
3,1481
4,1482
0,1483
5,1484
3,1485
5,1486
2,1487
0,1488
1,1489
6,1490
3,1491
9,1492
4,1493
9,1494
9,1495
3,1496
7,1497
5,1498
7,1499
9,1500
7,1501
1,1502
2,1503
0,1504
6,1505
1,1506
6,1507
9,1508
7,1509
3,1510
7,1511
3,1512
1,1513
6,1514
8,1515
2,1516
1,1517
1,1518
8,1519
9,1520
6,1521
7,1522
7,1523
8,1524
2,1525
9,1526
9,1527
4,1528
8,1529
4,1530
8,1531
4,1532
4,1533
1,1534
3,1535
2,1536
8,1537
8,1538
6,1539
9,1540
6,1541
0,1542
3,1543
4,1544
3,1545
6,1546
9,1547
8,1548
9,1549
1,1550
1,1551
3,1552
5,1553
2,1554
1,1555
7,1556
7,1557
4,1558
6,1559
1,1560
9,1561
9,1562
1,1563
1,1564
4,1565
4,1566
1,1567
9,1568
7,1569
1,1570
8,1571
7,1572
9,1573
2,1574
1,1575
3,1576
5,1577
9,1578
3,1579
6,1580
1,1581
1,1582
9,1583
7,1584
1,1585
5,1586
8,1587
6,1588
5,1589
6,1590
1,1591
8,1592
7,1593
7,1594
9,1595
1,1596
8,1597
8,1598
5,1599
0,1600
8,1601
7,1602
1,1603
4,1604
0,1605
6,1606
1,1607
2,1608
5,1609
8,1610
3,1611
2,1612
6,1613
2,1614
3,1615
2,1616
2,1617
0,1618
9,1619
9,1620
8,1621
6,1622
8,1623
0,1624
2,1625
2,1626
8,1627
7,1628
1,1629
5,1630
8,1631
8,1632
7,1633
8,1634
4,1635
6,1636
9,1637
4,1638
2,1639
1,1640
0,1641
7,1642
5,1643
2,1644
6,1645
1,1646
9,1647
7,1648
5,1649
1,1650
3,1651
6,1652
7,1653
7,1654
5,1655
3,1656
4,1657
7,1658
1,1659
3,1660
1,1661
2,1662
3,1663
5,1664
8,1665
8,1666
5,1667
7,1668
3,1669
9,1670
1,1671
1,1672
9,1673
1,1674
9,1675
9,1676
1,1677
9,1678
6,1679
0,1680
4,1681
2,1682
6,1683
4,1684
0,1685
5,1686
9,1687
8,1688
3,1689
9,1690
5,1691
3,1692
3,1693
7,1694
9,1695
8,1696
1,1697
1,1698
4,1699
1,1700
4,1701
1,1702
9,1703
8,1704
6,1705
2,1706
9,1707
9,1708
8,1709
1,1710
4,1711
2,1712
3,1713
9,1714
5,1715
8,1716
5,1717
5,1718
1,1719
0,1720
3,1721
0,1722
3,1723
9,1724
5,1725
3,1726
3,1727
6,1728
4,1729
8,1730
9,1731
4,1732
7,1733
4,1734
6,1735
6,1736
1,1737
8,1738
0,1739
3,1740
8,1741
9,1742
9,1743
1,1744
8,1745
8,1746
4,1747
3,1748
3,1749
3,1750
4,1751
4,1752
6,1753
4,1754
2,1755
8,1756
8,1757
6,1758
5,1759
2,1760
8,1761
6,1762
0,1763
5,1764
5,1765
9,1766
6,1767
2,1768
2,1769
7,1770
1,1771
3,1772
0,1773
6,1774
0,1775
9,1776
7,1777
6,1778
3,1779
1,1780
1,1781
7,1782
4,1783
8,1784
8,1785
3,1786
1,1787
6,1788
8,1789
3,1790
3,1791
8,1792
9,1793
7,1794
8,1795
1,1796
6,1797
9,1798
7,1799
5,1800
0,1801
1,1802
4,1803
4,1804
4,1805
1,1806
9,1807
7,1808
8,1809
2,1810
3,1811
4,1812
7,1813
3,1814
7,1815
2,1816
8,1817
4,1818
6,1819
6,1820
4,1821
9,1822
4,1823
2,1824
9,1825
3,1826
4,1827
3,1828
1,1829
8,1830
1,1831
8,1832
4,1833
6,1834
3,1835
4,1836
5,1837
2,1838
9,1839
1,1840
6,1841
2,1842
8,1843
0,1844
3,1845
5,1846
3,1847
8,1848
0,1849
5,1850
1,1851
2,1852
0,1853
8,1854
4,1855
8,1856
8,1857
3,1858
8,1859
7,1860
5,1861
4,1862
5,1863
2,1864
5,1865
1,1866
0,1867
4,1868
0,1869
5,1870
4,1871
9,1872
3,1873
0,1874
4,1875
3,1876
1,1877
3,1878
7,1879
5,1880
1,1881
6,1882
9,1883
5,1884
7,1885
3,1886
3,1887
9,1888
4,1889
2,1890
1,1891
2,1892
5,1893
3,1894
0,1895
7,1896
2,1897
8,1898
3,1899
4,1900
3,1901
1,1902
5,1903
1,1904
7,1905
4,1906
3,1907
9,1908
9,1909
0,1910
4,1911
1,1912
0,1913
5,1914
7,1915
0,1916
0,1917
8,1918
4,1919
1,1920
2,1921
1,1922
4,1923
1,1924
2,1925
2,1926
3,1927
4,1928
5,1929
7,1930
8,1931
4,1932
1,1933
6,1934
8,1935
9,1936
6,1937
8,1938
4,1939
9,1940
0,1941
7,1942
6,1943
9,1944
6,1945
3,1946
7,1947
4,1948
9,1949
5,1950
6,1951
5,1952
6,1953
6,1954
8,1955
0,1956
3,1957
2,1958
2,1959
0,1960
7,1961
7,1962
8,1963
8,1964
5,1965
1,1966
9,1967
5,1968
1,1969
8,1970
0,1971
3,1972
0,1973
9,1974
6,1975
2,1976
5,1977
1,1978
5,1979
6,1980
3,1981
5,1982
9,1983
8,1984
1,1985
4,1986
4,1987
4,1988
4,1989
8,1990
3,1991
1,1992
7,1993
8,1994
7,1995
8,1996
6,1997
8,1998
6,1999
8,2000
3,2001
4,2002
8,2003
3,2004
8,2005
6,2006
9,2007
1,2008
1,2009
3,2010
2,2011
9,2012
1,2013
1,2014
6,2015
4,2016
1,2017
4,2018
4,2019
5,2020
9,2021
3,2022
2,2023
4,2024
0,2025
2,2026
9,2027
0,2028
4,2029
6,2030
0,2031
6,2032
4,2033
3,2034
1,2035
0,2036
6,2037
0,2038
6,2039
8,2040
9,2041
3,2042
0,2043
6,2044
7,2045
1,2046
3,2047
4,2048
1,2049
6,2050
7,2051
9,2052
1,2053
8,2054
6,2055
3,2056
9,2057
9,2058
5,2059
2,2060
5,2061
2,2062
2,2063
9,2064
9,2065
7,2066
2,2067
6,2068
7,2069
1,2070
1,2071
2,2072
5,2073
0,2074
2,2075
5,2076
8,2077
9,2078
5,2079
0,2080
5,2081
6,2082
1,2083
4,2084
2,2085
9,2086
4,2087
1,2088
2,2089
3,2090
9,2091
7,2092
3,2093
6,2094
5,2095
3,2096
8,2097
1,2098
9,2099
7,2100
7,2101
1,2102
1,2103
7,2104
0,2105
9,2106
4,2107
3,2108
1,2109
5,2110
0,2111
7,2112
4,2113
8,2114
0,2115
3,2116
0,2117
4,2118
5,2119
2,2120
8,2121
6,2122
0,2123
7,2124
4,2125
9,2126
8,2127
3,2128
9,2129
2,2130
5,2131
9,2132
1,2133
9,2134
1,2135
9,2136
0,2137
3,2138
0,2139
6,2140
6,2141
7,2142
1,2143
1,2144
1,2145
9,2146
9,2147
4,2148
9,2149
3,2150
3,2151
2,2152
7,2153
5,2154
7,2155
2,2156
3,2157
0,2158
8,2159
8,2160
8,2161
3,2162
6,2163
1,2164
8,2165
2,2166
6,2167
4,2168
8,2169
2,2170
9,2171
7,2172
8,2173
2,2174
2,2175
5,2176
0,2177
7,2178
9,2179
4,2180
3,2181
9,2182
5,2183
7,2184
9,2185
4,2186
4,2187
4,2188
9,2189
8,2190
1,2191
6,2192
0,2193
6,2194
9,2195
6,2196
9,2197
8,2198
5,2199
9,2200
7,2201
9,2202
4,2203
7,2204
1,2205
7,2206
4,2207
0,2208
5,2209
6,2210
3,2211
2,2212
6,2213
3,2214
4,2215
3,2216
1,2217
6,2218
9,2219
3,2220
6,2221
6,2222
9,2223
5,2224
8,2225
9,2226
8,2227
6,2228
3,2229
4,2230
1,2231
3,2232
2,2233
3,2234
9,2235
1,2236
1,2237
0,2238
1,2239
5,2240
1,2241
1,2242
4,2243
9,2244
8,2245
1,2246
2,2247
7,2248
0,2249
9,2250
0,2251
4,2252
9,2253
1,2254
6,2255
2,2256
2,2257
9,2258
4,2259
2,2260
3,2261
1,2262
0,2263
9,2264
1,2265
4,2266
6,2267
7,2268
0,2269
8,2270
1,2271
8,2272
2,2273
7,2274
8,2275
8,2276
4,2277
9,2278
1,2279
8,2280
5,2281
1,2282
7,2283
4,2284
5,2285
1,2286
0,2287
7,2288
3,2289
6,2290
0,2291
6,2292
2,2293
9,2294
9,2295
5,2296
7,2297
7,2298
4,2299
3,2300
8,2301
1,2302
4,2303
4,2304
4,2305
8,2306
9,2307
4,2308
9,2309
0,2310
8,2311
1,2312
1,2313
7,2314
4,2315
1,2316
3,2317
7,2318
6,2319
9,2320
3,2321
8,2322
1,2323
2,2324
1,2325
9,2326
0,2327
3,2328
4,2329
0,2330
2,2331
4,2332
1,2333
8,2334
8,2335
8,2336
8,2337
1,2338
7,2339
8,2340
1,2341
3,2342
7,2343
1,2344
2,2345
2,2346
1,2347
9,2348
1,2349
3,2350
7,2351
5,2352
3,2353
3,2354
3,2355
3,2356
1,2357
1,2358
7,2359
2,2360
7,2361
8,2362
8,2363
6,2364
9,2365
2,2366
6,2367
4,2368
5,2369
5,2370
6,2371
9,2372
7,2373
4,2374
9,2375
2,2376
1,2377
9,2378
6,2379
2,2380
5,2381
7,2382
8,2383
4,2384
3,2385
1,2386
3,2387
3,2388
9,2389
9,2390
9,2391
8,2392
2,2393
3,2394
1,2395
8,2396
0,2397
9,2398
9,2399
3,2400
5,2401
6,2402
5,2403
2,2404
9,2405
7,2406
0,2407
2,2408
5,2409
8,2410
6,2411
0,2412
0,2413
1,2414
2,2415
3,2416
0,2417
1,2418
9,2419
4,2420
5,2421
7,2422
6,2423
5,2424
6,2425
9,2426
8,2427
4,2428
4,2429
5,2430
3,2431
0,2432
9,2433
1,2434
9,2435
5,2436
1,2437
2,2438
9,2439
0,2440
9,2441
9,2442
5,2443
3,2444
4,2445
2,2446
0,2447
1,2448
3,2449
1,2450
1,2451
6,2452
4,2453
6,2454
7,2455
1,2456
6,2457
9,2458
5,2459
0,2460
8,2461
3,2462
3,2463
9,2464
1,2465
9,2466
1,2467
0,2468
1,2469
5,2470
1,2471
6,2472
2,2473
6,2474
7,2475
9,2476
5,2477
0,2478
1,2479
7,2480
9,2481
7,2482
9,2483
8,2484
9,2485
3,2486
8,2487
0,2488
4,2489
8,2490
1,2491
1,2492
2,2493
8,2494
2,2495
8,2496
1,2497
7,2498
9,2499
1,2500
1,2501
5,2502
0,2503
2,2504
0,2505
9,2506
7,2507
2,2508
5,2509
6,2510
4,2511
1,2512
2,2513
6,2514
4,2515
5,2516
6,2517
3,2518
7,2519
6,2520
4,2521
1,2522
5,2523
6,2524
9,2525
9,2526
4,2527
1,2528
2,2529
6,2530
5,2531
3,2532
7,2533
9,2534
8,2535
4,2536
8,2537
3,2538
8,2539
5,2540
1,2541
9,2542
8,2543
4,2544
4,2545
0,2546
1,2547
7,2548
3,2549
8,2550
9,2551
5,2552
2,2553
7,2554
8,2555
7,2556
2,2557
5,2558
5,2559
4,2560
5,2561
2,2562
9,2563
5,2564
7,2565
9,2566
7,2567
7,2568
9,2569
1,2570
8,2571
6,2572
8,2573
3,2574
7,2575
7,2576
4,2577
5,2578
6,2579
5,2580
8,2581
3,2582
3,2583
0,2584
2,2585
9,2586
9,2587
4,2588
1,2589
3,2590
3,2591
8,2592
8,2593
8,2594
6,2595
8,2596
8,2597
3,2598
4,2599
7,2600
9,2601
3,2602
8,2603
0,2604
5,2605
8,2606
4,2607
1,2608
4,2609
4,2610
4,2611
9,2612
3,2613
7,2614
3,2615
3,2616
1,2617
8,2618
9,2619
6,2620
4,2621
4,2622
2,2623
9,2624
1,2625
3,2626
8,2627
9,2628
1,2629
2,2630
5,2631
8,2632
2,2633
4,2634
1,2635
7,2636
2,2637
5,2638
6,2639
5,2640
4,2641
4,2642
0,2643
9,2644
0,2645
4,2646
5,2647
8,2648
6,2649
9,2650
3,2651
5,2652
8,2653
0,2654
8,2655
7,2656
7,2657
1,2658
9,2659
3,2660
9,2661
9,2662
0,2663
2,2664
7,2665
4,2666
0,2667
6,2668
4,2669
4,2670
0,2671
5,2672
6,2673
4,2674
5,2675
0,2676
1,2677
4,2678
8,2679
1,2680
5,2681
3,2682
8,2683
6,2684
1,2685
1,2686
2,2687
0,2688
3,2689
7,2690
1,2691
6,2692
6,2693
2,2694
1,2695
7,2696
9,2697
2,2698
0,2699
6,2700
1,2701
2,2702
7,2703
5,2704
1,2705
1,2706
9,2707
3,2708
5,2709
9,2710
5,2711
8,2712
6,2713
1,2714
3,2715
3,2716
0,2717
9,2718
3,2719
2,2720
2,2721
6,2722
7,2723
4,2724
0,2725
6,2726
3,2727
0,2728
4,2729
9,2730
3,2731
9,2732
9,2733
3,2734
7,2735
1,2736
7,2737
3,2738
7,2739
4,2740
2,2741
5,2742
8,2743
8,2744
5,2745
0,2746
3,2747
6,2748
2,2749
5,2750
8,2751
9,2752
2,2753
6,2754
8,2755
9,2756
6,2757
2,2758
2,2759
9,2760
8,2761
1,2762
6,2763
2,2764
8,2765
8,2766
6,2767
6,2768
7,2769
4,2770
4,2771
5,2772
9,2773
2,2774
0,2775
7,2776
1,2777
2,2778
6,2779
8,2780
0,2781
1,2782
4,2783
6,2784
1,2785
5,2786
1,2787
9,2788
3,2789
4,2790
1,2791
7,2792
4,2793
2,2794
3,2795
5,2796
4,2797
6,2798
7,2799
7,2800
1,2801
3,2802
7,2803
4,2804
7,2805
9,2806
0,2807
5,2808
1,2809
5,2810
1,2811
6,2812
7,2813
2,2814
3,2815
6,2816
4,2817
2,2818
1,2819
1,2820
8,2821
1,2822
9,2823
9,2824
4,2825
1,2826
5,2827
7,2828
9,2829
8,2830
9,2831
4,2832
1,2833
7,2834
1,2835
3,2836
1,2837
7,2838
5,2839
4,2840
7,2841
3,2842
6,2843
4,2844
4,2845
4,2846
8,2847
2,2848
5,2849
0,2850
1,2851
1,2852
5,2853
1,2854
1,2855
0,2856
0,2857
4,2858
2,2859
2,2860
3,2861
4,2862
1,2863
5,2864
1,2865
4,2866
7,2867
5,2868
5,2869
3,2870
3,2871
3,2872
5,2873
2,2874
6,2875
4,2876
3,2877
0,2878
5,2879
2,2880
1,2881
8,2882
5,2883
9,2884
5,2885
7,2886
2,2887
8,2888
6,2889
0,2890
9,2891
3,2892
0,2893
6,2894
4,2895
6,2896
1,2897
6,2898
1,2899
3,2900
9,2901
0,2902
3,2903
9,2904
3,2905
1,2906
9,2907
3,2908
9,2909
2,2910
8,2911
8,2912
0,2913
5,2914
5,2915
2,2916
9,2917
7,2918
1,2919
9,2920
1,2921
5,2922
1,2923
7,2924
0,2925
8,2926
8,2927
1,2928
5,2929
3,2930
9,2931
4,2932
1,2933
6,2934
9,2935
3,2936
9,2937
1,2938
8,2939
8,2940
7,2941
4,2942
1,2943
6,2944
6,2945
5,2946
9,2947
1,2948
2,2949
6,2950
9,2951
2,2952
3,2953
0,2954
8,2955
1,2956
7,2957
1,2958
7,2959
2,2960
4,2961
1,2962
8,2963
2,2964
0,2965
4,2966
4,2967
4,2968
1,2969
8,2970
2,2971
2,2972
2,2973
5,2974
3,2975
0,2976
0,2977
6,2978
7,2979
5,2980
7,2981
5,2982
3,2983
0,2984
3,2985
5,2986
5,2987
6,2988
8,2989
8,2990
9,2991
2,2992
4,2993
1,2994
2,2995
2,2996
4,2997
5,2998
4,2999
4,3000
9,3001
0,3002
2,3003
4,3004
0,3005
9,3006
8,3007
7,3008
1,3009
4,3010
8,3011
1,3012
8,3013
9,3014
3,3015
9,3016
6,3017
0,3018
4,3019
9,3020
5,3021
8,3022
8,3023
5,3024
9,3025
7,3026
0,3027
4,3028
0,3029
6,3030
6,3031
0,3032
7,3033
4,3034
5,3035
7,3036
5,3037
2,3038
4,3039
4,3040
2,3041
9,3042
7,3043
6,3044
5,3045
0,3046
0,3047
5,3048
9,3049
0,3050
4,3051
3,3052
3,3053
8,3054
1,3055
4,3056
4,3057
4,3058
3,3059
3,3060
9,3061
7,3062
8,3063
6,3064
9,3065
8,3066
4,3067
8,3068
6,3069
4,3070
2,3071
9,3072
2,3073
0,3074
6,3075
3,3076
7,3077
2,3078
3,3079
3,3080
9,3081
9,3082
5,3083
7,3084
3,3085
6,3086
8,3087
5,3088
9,3089
9,3090
1,3091
5,3092
0,3093
5,3094
5,3095
4,3096
9,3097
0,3098
1,3099
4,3100
8,3101
4,3102
7,3103
7,3104
7,3105
3,3106
2,3107
7,3108
9,3109
6,3110
9,3111
6,3112
9,3113
2,3114
1,3115
6,3116
5,3117
4,3118
4,3119
9,3120
9,3121
5,3122
1,3123
8,3124
1,3125
5,3126
7,3127
6,3128
3,3129
8,3130
1,3131
9,3132
8,3133
1,3134
9,3135
5,3136
4,3137
1,3138
5,3139
6,3140
5,3141
8,3142
7,3143
3,3144
5,3145
1,3146
9,3147
0,3148
9,3149
3,3150
1,3151
0,3152
6,3153
3,3154
6,3155
7,3156
1,3157
1,3158
0,3159
8,3160
7,3161
6,3162
6,3163
8,3164
3,3165
6,3166
0,3167
7,3168
5,3169
0,3170
0,3171
5,3172
9,3173
6,3174
3,3175
4,3176
7,3177
0,3178
3,3179
7,3180
5,3181
7,3182
1,3183
7,3184
6,3185
5,3186
8,3187
3,3188
7,3189
5,3190
7,3191
3,3192
4,3193
4,3194
8,3195
0,3196
6,3197
1,3198
4,3199
9,3200
4,3201
1,3202
4,3203
7,3204
3,3205
1,3206
2,3207
8,3208
5,3209
8,3210
9,3211
6,3212
3,3213
1,3214
0,3215
0,3216
8,3217
8,3218
0,3219
9,3220
4,3221
8,3222
1,3223
4,3224
7,3225
7,3226
8,3227
4,3228
8,3229
3,3230
1,3231
1,3232
4,3233
8,3234
4,3235
2,3236
0,3237
0,3238
8,3239
1,3240
6,3241
2,3242
3,3243
4,3244
8,3245
4,3246
9,3247
9,3248
9,3249
9,3250
9,3251
3,3252
6,3253
4,3254
2,3255
9,3256
3,3257
1,3258
5,3259
1,3260
4,3261
0,3262
6,3263
0,3264
0,3265
2,3266
3,3267
3,3268
0,3269
1,3270
2,3271
4,3272
3,3273
7,3274
6,3275
1,3276
4,3277
5,3278
1,3279
9,3280
2,3281
5,3282
8,3283
5,3284
6,3285
5,3286
8,3287
9,3288
9,3289
9,3290
2,3291
8,3292
8,3293
2,3294
9,3295
2,3296
1,3297
4,3298
0,3299
7,3300
5,3301
5,3302
7,3303
3,3304
3,3305
1,3306
9,3307
4,3308
1,3309
8,3310
4,3311
0,3312
9,3313
8,3314
8,3315
8,3316
8,3317
5,3318
8,3319
5,3320
9,3321
6,3322
6,3323
4,3324
0,3325
2,3326
0,3327
5,3328
3,3329
7,3330
6,3331
0,3332
5,3333
4,3334
8,3335
4,3336
6,3337
5,3338
7,3339
1,3340
9,3341
0,3342
0,3343
6,3344
3,3345
4,3346
9,3347
9,3348
1,3349
0,3350
4,3351
7,3352
1,3353
8,3354
4,3355
8,3356
9,3357
9,3358
0,3359
8,3360
1,3361
5,3362
6,3363
0,3364
0,3365
6,3366
3,3367
2,3368
8,3369
2,3370
7,3371
6,3372
6,3373
7,3374
6,3375
1,3376
0,3377
3,3378
1,3379
7,3380
7,3381
8,3382
3,3383
1,3384
9,3385
6,3386
8,3387
3,3388
2,3389
4,3390
0,3391
1,3392
5,3393
3,3394
2,3395
5,3396
5,3397
1,3398
2,3399
2,3400
3,3401
6,3402
0,3403
3,3404
9,3405
1,3406
4,3407
1,3408
3,3409
2,3410
9,3411
6,3412
7,3413
1,3414
1,3415
7,3416
3,3417
1,3418
3,3419
2,3420
7,3421
0,3422
8,3423
1,3424
9,3425
4,3426
9,3427
2,3428
3,3429
6,3430
4,3431
4,3432
6,3433
2,3434
7,3435
1,3436
8,3437
3,3438
9,3439
8,3440
0,3441
8,3442
0,3443
2,3444
1,3445
2,3446
8,3447
6,3448
1,3449
0,3450
7,3451
1,3452
4,3453
1,3454
1,3455
9,3456
9,3457
8,3458
5,3459
7,3460
0,3461
3,3462
5,3463
5,3464
9,3465
0,3466
0,3467
9,3468
7,3469
1,3470
8,3471
8,3472
1,3473
3,3474
2,3475
1,3476
9,3477
2,3478
4,3479
1,3480
8,3481
6,3482
8,3483
8,3484
5,3485
7,3486
2,3487
2,3488
9,3489
4,3490
5,3491
6,3492
1,3493
0,3494
3,3495
4,3496
4,3497
3,3498
4,3499
6,3500
2,3501
0,3502
2,3503
5,3504
9,3505
7,3506
8,3507
0,3508
8,3509
9,3510
1,3511
1,3512
3,3513
8,3514
1,3515
8,3516
1,3517
9,3518
7,3519
6,3520
5,3521
6,3522
1,3523
5,3524
6,3525
5,3526
3,3527
8,3528
9,3529
0,3530
1,3531
7,3532
6,3533
0,3534
6,3535
3,3536
8,3537
4,3538
7,3539
1,3540
1,3541
1,3542
3,3543
8,3544
3,3545
2,3546
1,3547
0,3548
3,3549
7,3550
9,3551
9,3552
6,3553
3,3554
6,3555
4,3556
8,3557
7,3558
8,3559
7,3560
8,3561
6,3562
1,3563
3,3564
3,3565
3,3566
7,3567
4,3568
9,3569
3,3570
8,3571
2,3572
7,3573
7,3574
6,3575
8,3576
9,3577
9,3578
0,3579
0,3580
1,3581
2,3582
8,3583
2,3584
9,3585
0,3586
8,3587
4,3588
0,3589
2,3590
4,3591
7,3592
4,3593
9,3594
7,3595
0,3596
1,3597
2,3598
3,3599
4,3600
0,3601
5,3602
7,3603
0,3604
4,3605
0,3606
6,3607
4,3608
5,3609
1,3610
0,3611
0,3612
0,3613
1,3614
8,3615
6,3616
3,3617
0,3618
0,3619
6,3620
6,3621
7,3622
1,3623
1,3624
1,3625
1,3626
1,3627
9,3628
8,3629
8,3630
1,3631
0,3632
7,3633
3,3634
4,3635
6,3636
1,3637
2,3638
1,3639
0,3640
4,3641
6,3642
3,3643
1,3644
4,3645
0,3646
9,3647
1,3648
8,3649
0,3650
1,3651
2,3652
9,3653
7,3654
4,3655
0,3656
3,3657
7,3658
1,3659
4,3660
7,3661
0,3662
4,3663
6,3664
9,3665
1,3666
5,3667
1,3668
6,3669
0,3670
2,3671
4,3672
5,3673
2,3674
6,3675
8,3676
5,3677
3,3678
8,3679
1,3680
9,3681
8,3682
0,3683
2,3684
5,3685
7,3686
6,3687
7,3688
5,3689
8,3690
3,3691
8,3692
8,3693
7,3694
7,3695
4,3696
2,3697
0,3698
0,3699
2,3700
8,3701
1,3702
3,3703
6,3704
5,3705
4,3706
4,3707
1,3708
2,3709
8,3710
5,3711
0,3712
6,3713
1,3714
0,3715
2,3716
9,3717
3,3718
4,3719
1,3720
4,3721
9,3722
6,3723
5,3724
5,3725
0,3726
3,3727
4,3728
0,3729
7,3730
2,3731
8,3732
1,3733
8,3734
2,3735
0,3736
6,3737
1,3738
1,3739
8,3740
2,3741
7,3742
4,3743
0,3744
2,3745
1,3746
1,3747
6,3748
8,3749
3,3750
4,3751
0,3752
4,3753
8,3754
0,3755
1,3756
1,3757
7,3758
6,3759
3,3760
8,3761
8,3762
3,3763
3,3764
3,3765
8,3766
3,3767
3,3768
7,3769
4,3770
1,3771
0,3772
8,3773
0,3774
1,3775
7,3776
0,3777
8,3778
4,3779
4,3780
7,3781
4,3782
8,3783
8,3784
6,3785
4,3786
0,3787
9,3788
4,3789
8,3790
7,3791
9,3792
3,3793
1,3794
6,3795
1,3796
2,3797
7,3798
1,3799
4,3800
6,3801
9,3802
5,3803
1,3804
1,3805
2,3806
1,3807
1,3808
0,3809
6,3810
8,3811
6,3812
7,3813
9,3814
7,3815
3,3816
7,3817
6,3818
7,3819
4,3820
2,3821
6,3822
3,3823
5,3824
9,3825
4,3826
8,3827
9,3828
7,3829
5,3830
0,3831
5,3832
1,3833
0,3834
3,3835
3,3836
7,3837
0,3838
3,3839
5,3840
1,3841
1,3842
0,3843
8,3844
8,3845
3,3846
7,3847
6,3848
1,3849
6,3850
8,3851
9,3852
6,3853
7,3854
0,3855
8,3856
4,3857
8,3858
0,3859
1,3860
2,3861
4,3862
3,3863
3,3864
1,3865
4,3866
8,3867
5,3868
5,3869
8,3870
6,3871
1,3872
8,3873
7,3874
9,3875
4,3876
9,3877
0,3878
6,3879
5,3880
5,3881
4,3882
1,3883
0,3884
6,3885
6,3886
3,3887
9,3888
1,3889
5,3890
6,3891
8,3892
8,3893
0,3894
4,3895
2,3896
4,3897
0,3898
6,3899
2,3900
0,3901
0,3902
5,3903
5,3904
2,3905
3,3906
2,3907
9,3908
6,3909
5,3910
1,3911
8,3912
7,3913
5,3914
3,3915
3,3916
2,3917
4,3918
8,3919
4,3920
9,3921
6,3922
9,3923
1,3924
5,3925
8,3926
1,3927
1,3928
6,3929
3,3930
7,3931
6,3932
0,3933
7,3934
5,3935
3,3936
5,3937
2,3938
5,3939
6,3940
3,3941
3,3942
8,3943
3,3944
3,3945
1,3946
6,3947
1,3948
1,3949
0,3950
6,3951
3,3952
4,3953
3,3954
6,3955
1,3956
2,3957
4,3958
5,3959
4,3960
2,3961
2,3962
0,3963
3,3964
8,3965
8,3966
9,3967
5,3968
2,3969
0,3970
4,3971
7,3972
9,3973
0,3974
6,3975
0,3976
2,3977
6,3978
1,3979
6,3980
4,3981
1,3982
2,3983
8,3984
9,3985
7,3986
8,3987
8,3988
0,3989
9,3990
1,3991
1,3992
5,3993
6,3994
7,3995
9,3996
4,3997
6,3998
2,3999
2,4000
7,4001
1,4002
8,4003
7,4004
5,4005
6,4006
8,4007
1,4008
0,4009
8,4010
6,4011
5,4012
7,4013
1,4014
4,4015
3,4016
5,4017
6,4018
0,4019
6,4020
8,4021
9,4022
3,4023
1,4024
0,4025
3,4026
8,4027
1,4028
9,4029
5,4030
9,4031
7,4032
7,4033
6,4034
9,4035
5,4036
8,4037
8,4038
4,4039
6,4040
5,4041
3,4042
0,4043
3,4044
7,4045
3,4046
2,4047
1,4048
8,4049
2,4050
0,4051
9,4052
4,4053
6,4054
7,4055
3,4056
2,4057
5,4058
7,4059
1,4060
7,4061
7,4062
7,4063
9,4064
6,4065
3,4066
7,4067
7,4068
8,4069
7,4070
6,4071
3,4072
1,4073
0,4074
6,4075
8,4076
9,4077
1,4078
4,4079
3,4080
8,4081
3,4082
9,4083
0,4084
5,4085
8,4086
3,4087
4,4088
6,4089
8,4090
7,4091
1,4092
3,4093
1,4094
6,4095
1,4096
7,4097
5,4098
4,4099
8,4100
4,4101
1,4102
1,4103
8,4104
6,4105
9,4106
5,4107
7,4108
3,4109
5,4110
0,4111
9,4112
9,4113
3,4114
5,4115
4,4116
1,4117
2,4118
8,4119
3,4120
3,4121
8,4122
7,4123
8,4124
3,4125
9,4126
4,4127
3,4128
5,4129
5,4130
2,4131
4,4132
6,4133
0,4134
8,4135
9,4136
4,4137
0,4138
5,4139
0,4140
4,4141
7,4142
9,4143
5,4144
2,4145
9,4146
0,4147
9,4148
1,4149
1,4150
8,4151
9,4152
4,4153
5,4154
5,4155
9,4156
6,4157
3,4158
4,4159
2,4160
0,4161
0,4162
5,4163
1,4164
1,4165
4,4166
0,4167
1,4168
9,4169
5,4170
1,4171
1,4172
2,4173
0,4174
2,4175
3,4176
6,4177
2,4178
8,4179
9,4180
0,4181
4,4182
1,4183
4,4184
4,4185
9,4186
2,4187
4,4188
0,4189
3,4190
2,4191
1,4192
9,4193
1,4194
1,4195
8,4196
0,4197
9,4198
4,4199
5,4200
8,4201
5,4202
4,4203
8,4204
3,4205
3,4206
4,4207
9,4208
5,4209
9,4210
6,4211
6,4212
2,4213
9,4214
8,4215
3,4216
6,4217
6,4218
1,4219
5,4220
9,4221
2,4222
6,4223
6,4224
2,4225
9,4226
0,4227
5,4228
0,4229
9,4230
0,4231
0,4232
8,4233
8,4234
5,4235
1,4236
9,4237
8,4238
5,4239
1,4240
9,4241
4,4242
2,4243
1,4244
0,4245
8,4246
7,4247
8,4248
3,4249
7,4250
1,4251
9,4252
8,4253
0,4254
0,4255
9,4256
5,4257
6,4258
1,4259
1,4260
2,4261
0,4262
1,4263
6,4264
0,4265
9,4266
6,4267
8,4268
6,4269
9,4270
6,4271
7,4272
0,4273
9,4274
2,4275
0,4276
3,4277
1,4278
9,4279
7,4280
4,4281
8,4282
1,4283
4,4284
1,4285
1,4286
4,4287
0,4288
9,4289
9,4290
3,4291
1,4292
2,4293
1,4294
8,4295
8,4296
0,4297
2,4298
4,4299
7,4300
7,4301
1,4302
4,4303
1,4304
2,4305
0,4306
3,4307
1,4308
2,4309
6,4310
9,4311
0,4312
4,4313
9,4314
4,4315
9,4316
3,4317
1,4318
1,4319
4,4320
6,4321
3,4322
0,4323
8,4324
5,4325
0,4326
3,4327
9,4328
2,4329
4,4330
8,4331
4,4332
1,4333
9,4334
4,4335
8,4336
8,4337
3,4338
5,4339
1,4340
4,4341
5,4342
3,4343
3,4344
2,4345
1,4346
3,4347
2,4348
9,4349
2,4350
4,4351
1,4352
2,4353
1,4354
0,4355
2,4356
2,4357
0,4358
3,4359
6,4360
8,4361
9,4362
2,4363
4,4364
2,4365
0,4366
9,4367
1,4368
5,4369
3,4370
6,4371
1,4372
2,4373
7,4374
7,4375
7,4376
4,4377
3,4378
8,4379
1,4380
2,4381
8,4382
9,4383
1,4384
6,4385
0,4386
9,4387
3,4388
7,4389
1,4390
0,4391
9,4392
0,4393
9,4394
6,4395
8,4396
0,4397
5,4398
5,4399
1,4400
0,4401
0,4402
4,4403
6,4404
4,4405
6,4406
8,4407
7,4408
9,4409
9,4410
7,4411
2,4412
9,4413
9,4414
6,4415
1,4416
3,4417
8,4418
9,4419
9,4420
4,4421
1,4422
7,4423
9,4424
1,4425
1,4426
3,4427
3,4428
9,4429
5,4430
1,4431
6,4432
1,4433
9,4434
8,4435
7,4436
7,4437
7,4438
3,4439
8,4440
3,4441
3,4442
4,4443
3,4444
0,4445
0,4446
8,4447
8,4448
6,4449
3,4450
0,4451
7,4452
1,4453
1,4454
9,4455
8,4456
4,4457
1,4458
6,4459
0,4460
0,4461
7,4462
6,4463
0,4464
8,4465
1,4466
8,4467
6,4468
9,4469
9,4470
6,4471
3,4472
5,4473
9,4474
6,4475
7,4476
4,4477
0,4478
2,4479
5,4480
3,4481
0,4482
1,4483
6,4484
0,4485
8,4486
4,4487
2,4488
9,4489
8,4490
0,4491
0,4492
3,4493
3,4494
5,4495
1,4496
3,4497
9,4498
3,4499
1,4500
9,4501
2,4502
2,4503
6,4504
6,4505
9,4506
7,4507
9,4508
8,4509
6,4510
4,4511
0,4512
6,4513
4,4514
0,4515
8,4516
3,4517
3,4518
1,4519
2,4520
3,4521
6,4522
1,4523
1,4524
0,4525
0,4526
2,4527
8,4528
6,4529
6,4530
4,4531
8,4532
0,4533
8,4534
2,4535
7,4536
5,4537
1,4538
2,4539
7,4540
1,4541
4,4542
7,4543
9,4544
7,4545
9,4546
6,4547
9,4548
9,4549
2,4550
5,4551
1,4552
1,4553
3,4554
6,4555
0,4556
7,4557
5,4558
1,4559
2,4560
0,4561
1,4562
7,4563
8,4564
7,4565
0,4566
4,4567
9,4568
1,4569
3,4570
9,4571
8,4572
1,4573
3,4574
6,4575
4,4576
7,4577
8,4578
4,4579
0,4580
8,4581
1,4582
6,4583
1,4584
3,4585
7,4586
1,4587
6,4588
0,4589
5,4590
0,4591
3,4592
9,4593
5,4594
1,4595
2,4596
2,4597
1,4598
9,4599
3,4600
9,4601
1,4602
5,4603
6,4604
7,4605
3,4606
9,4607
2,4608
9,4609
1,4610
2,4611
3,4612
4,4613
7,4614
3,4615
4,4616
0,4617
8,4618
7,4619
0,4620
6,4621
9,4622
8,4623
4,4624
3,4625
7,4626
9,4627
9,4628
1,4629
0,4630
7,4631
6,4632
4,4633
9,4634
6,4635
1,4636
9,4637
9,4638
8,4639
6,4640
0,4641
6,4642
6,4643
1,4644
6,4645
5,4646
0,4647
0,4648
2,4649
1,4650
9,4651
5,4652
3,4653
6,4654
8,4655
9,4656
2,4657
2,4658
9,4659
8,4660
8,4661
8,4662
4,4663
9,4664
7,4665
9,4666
1,4667
2,4668
2,4669
7,4670
3,4671
5,4672
4,4673
2,4674
8,4675
6,4676
1,4677
5,4678
6,4679
1,4680
4,4681
9,4682
1,4683
3,4684
7,4685
0,4686
0,4687
5,4688
8,4689
5,4690
7,4691
7,4692
8,4693
5,4694
3,4695
9,4696
6,4697
7,4698
2,4699
6,4700
2,4701
4,4702
0,4703
2,4704
6,4705
3,4706
4,4707
3,4708
4,4709
7,4710
3,4711
7,4712
5,4713
5,4714
0,4715
3,4716
3,4717
8,4718
1,4719
9,4720
5,4721
2,4722
9,4723
9,4724
6,4725
2,4726
5,4727
3,4728
9,4729
9,4730
8,4731
7,4732
5,4733
6,4734
8,4735
7,4736
6,4737
3,4738
1,4739
9,4740
4,4741
7,4742
1,4743
8,4744
4,4745
6,4746
2,4747
4,4748
6,4749
9,4750
6,4751
4,4752
7,4753
2,4754
6,4755
5,4756
9,4757
7,4758
8,4759
2,4760
5,4761
0,4762
7,4763
6,4764
1,4765
6,4766
1,4767
5,4768
8,4769
4,4770
6,4771
0,4772
8,4773
5,4774
6,4775
0,4776
1,4777
2,4778
2,4779
9,4780
9,4781
3,4782
3,4783
8,4784
0,4785
8,4786
9,4787
0,4788
3,4789
8,4790
9,4791
7,4792
2,4793
9,4794
0,4795
7,4796
8,4797
4,4798
8,4799
9,4800
9,4801
1,4802
9,4803
6,4804
1,4805
0,4806
3,4807
7,4808
8,4809
4,4810
3,4811
5,4812
3,4813
1,4814
4,4815
2,4816
2,4817
5,4818
8,4819
8,4820
4,4821
8,4822
9,4823
5,4824
3,4825
3,4826
3,4827
1,4828
6,4829
9,4830
9,4831
5,4832
7,4833
3,4834
4,4835
2,4836
3,4837
4,4838
6,4839
8,4840
3,4841
5,4842
7,4843
1,4844
5,4845
7,4846
9,4847
9,4848
1,4849
8,4850
5,4851
6,4852
7,4853
0,4854
9,4855
7,4856
5,4857
1,4858
4,4859
2,4860
3,4861
4,4862
3,4863
2,4864
3,4865
4,4866
7,4867
1,4868
7,4869
2,4870
8,4871
2,4872
9,4873
9,4874
0,4875
4,4876
1,4877
5,4878
2,4879
3,4880
4,4881
6,4882
4,4883
3,4884
6,4885
7,4886
5,4887
3,4888
9,4889
2,4890
0,4891
7,4892
5,4893
9,4894
9,4895
7,4896
2,4897
6,4898
2,4899
0,4900
1,4901
7,4902
3,4903
1,4904
2,4905
0,4906
3,4907
8,4908
6,4909
0,4910
9,4911
1,4912
7,4913
6,4914
4,4915
0,4916
3,4917
1,4918
1,4919
4,4920
3,4921
2,4922
5,4923
0,4924
1,4925
9,4926
3,4927
1,4928
2,4929
4,4930
1,4931
8,4932
3,4933
2,4934
6,4935
1,4936
3,4937
0,4938
6,4939
6,4940
0,4941
1,4942
6,4943
1,4944
3,4945
9,4946
1,4947
7,4948
3,4949
6,4950
6,4951
7,4952
7,4953
7,4954
3,4955
2,4956
4,4957
9,4958
2,4959
1,4960
2,4961
1,4962
7,4963
7,4964
0,4965
0,4966
8,4967
4,4968
1,4969
8,4970
0,4971
6,4972
8,4973
1,4974
9,4975
1,4976
4,4977
3,4978
4,4979
8,4980
9,4981
9,4982
9,4983
8,4984
8,4985
2,4986
8,4987
2,4988
1,4989
5,4990
9,4991
8,4992
0,4993
3,4994
9,4995
1,4996
4,4997
0,4998
2,4999
3,5000
5,5001
0,5002
3,5003
9,5004
5,5005
8,5006
2,5007
1,5008
3,5009
8,5010
3,5011
8,5012
6,5013
0,5014
4,5015
3,5016
5,5017
0,5018
3,5019
9,5020
7,5021
6,5022
0,5023
9,5024
9,5025
8,5026
3,5027
8,5028
9,5029
9,5030
4,5031
3,5032
3,5033
1,5034
2,5035
7,5036
1,5037
3,5038
1,5039
7,5040
7,5041
2,5042
1,5043
1,5044
2,5045
8,5046
8,5047
3,5048
8,5049
9,5050
2,5051
7,5052
8,5053
7,5054
9,5055
3,5056
5,5057
3,5058
7,5059
4,5060
4,5061
2,5062
9,5063
5,5064
2,5065
2,5066
7,5067
2,5068
9,5069
7,5070
4,5071
1,5072
6,5073
2,5074
3,5075
2,5076
1,5077
6,5078
9,5079
6,5080
9,5081
3,5082
3,5083
4,5084
4,5085
0,5086
6,5087
9,5088
3,5089
6,5090
9,5091
0,5092
8,5093
4,5094
3,5095
9,5096
8,5097
9,5098
7,5099
3,5100
2,5101
1,5102
8,5103
1,5104
5,5105
1,5106
0,5107
5,5108
9,5109
4,5110
4,5111
0,5112
1,5113
1,5114
7,5115
4,5116
4,5117
6,5118
2,5119
5,5120
4,5121
9,5122
6,5123
3,5124
2,5125
3,5126
8,5127
2,5128
1,5129
2,5130
4,5131
1,5132
7,5133
4,5134
6,5135
1,5136
1,5137
0,5138
7,5139
1,5140
5,5141
5,5142
3,5143
7,5144
6,5145
5,5146
1,5147
1,5148
6,5149
5,5150
1,5151
0,5152
4,5153
0,5154
2,5155
1,5156
0,5157
6,5158
0,5159
9,5160
4,5161
9,5162
2,5163
3,5164
6,5165
6,5166
6,5167
8,5168
9,5169
8,5170
6,5171
7,5172
8,5173
2,5174
6,5175
7,5176
1,5177
7,5178
6,5179
2,5180
2,5181
9,5182
5,5183
2,5184
2,5185
1,5186
9,5187
5,5188
6,5189
7,5190
8,5191
1,5192
2,5193
0,5194
9,5195
0,5196
1,5197
2,5198
6,5199
8,5200
3,5201
1,5202
9,5203
3,5204
0,5205
6,5206
1,5207
7,5208
3,5209
7,5210
6,5211
0,5212
4,5213
4,5214
9,5215
0,5216
6,5217
5,5218
0,5219
2,5220
6,5221
1,5222
3,5223
5,5224
3,5225
4,5226
4,5227
9,5228
3,5229
9,5230
2,5231
2,5232
1,5233
9,5234
3,5235
4,5236
0,5237
7,5238
7,5239
7,5240
6,5241
1,5242
1,5243
3,5244
9,5245
1,5246
6,5247
3,5248
9,5249
5,5250
3,5251
4,5252
9,5253
7,5254
4,5255
1,5256
4,5257
9,5258
1,5259
0,5260
8,5261
0,5262
9,5263
3,5264
7,5265
5,5266
5,5267
3,5268
8,5269
1,5270
8,5271
1,5272
2,5273
6,5274
8,5275
1,5276
3,5277
0,5278
1,5279
0,5280
1,5281
1,5282
9,5283
1,5284
2,5285
4,5286
3,5287
3,5288
1,5289
9,5290
3,5291
2,5292
7,5293
7,5294
8,5295
8,5296
7,5297
3,5298
2,5299
0,5300
0,5301
1,5302
0,5303
7,5304
8,5305
1,5306
9,5307
1,5308
1,5309
6,5310
8,5311
7,5312
3,5313
9,5314
9,5315
7,5316
5,5317
4,5318
7,5319
7,5320
3,5321
4,5322
4,5323
1,5324
0,5325
8,5326
1,5327
0,5328
4,5329
8,5330
3,5331
9,5332
5,5333
6,5334
8,5335
4,5336
1,5337
2,5338
3,5339
5,5340
0,5341
0,5342
5,5343
1,5344
0,5345
9,5346
1,5347
0,5348
3,5349
7,5350
1,5351
1,5352
5,5353
4,5354
1,5355
4,5356
8,5357
0,5358
7,5359
9,5360
3,5361
8,5362
9,5363
8,5364
4,5365
3,5366
0,5367
3,5368
3,5369
6,5370
1,5371
3,5372
9,5373
6,5374
8,5375
4,5376
0,5377
9,5378
6,5379
2,5380
6,5381
3,5382
0,5383
9,5384
2,5385
1,5386
9,5387
4,5388
3,5389
9,5390
3,5391
9,5392
4,5393
8,5394
9,5395
4,5396
4,5397
3,5398
7,5399
6,5400
1,5401
3,5402
8,5403
8,5404
1,5405
1,5406
2,5407
3,5408
8,5409
4,5410
4,5411
6,5412
5,5413
4,5414
9,5415
8,5416
6,5417
2,5418
0,5419
2,5420
5,5421
9,5422
9,5423
1,5424
6,5425
7,5426
5,5427
9,5428
1,5429
5,5430
4,5431
8,5432
6,5433
1,5434
1,5435
5,5436
8,5437
8,5438
7,5439
9,5440
6,5441
2,5442
4,5443
0,5444
7,5445
2,5446
9,5447
0,5448
0,5449
4,5450
1,5451
4,5452
1,5453
1,5454
1,5455
6,5456
8,5457
8,5458
8,5459
9,5460
9,5461
2,5462
9,5463
6,5464
3,5465
7,5466
3,5467
7,5468
2,5469
8,5470
1,5471
3,5472
4,5473
5,5474
3,5475
4,5476
6,5477
4,5478
5,5479
0,5480
1,5481
5,5482
2,5483
9,5484
6,5485
7,5486
6,5487
5,5488
9,5489
4,5490
7,5491
9,5492
8,5493
9,5494
8,5495
4,5496
7,5497
9,5498
4,5499
9,5500
1,5501
4,5502
5,5503
0,5504
3,5505
1,5506
5,5507
7,5508
3,5509
0,5510
0,5511
9,5512
6,5513
4,5514
7,5515
3,5516
4,5517
5,5518
0,5519
8,5520
6,5521
9,5522
1,5523
4,5524
9,5525
8,5526
0,5527
1,5528
4,5529
9,5530
3,5531
1,5532
8,5533
1,5534
1,5535
2,5536
0,5537
3,5538
8,5539
7,5540
3,5541
4,5542
4,5543
1,5544
3,5545
5,5546
1,5547
8,5548
5,5549
2,5550
1,5551
4,5552
2,5553
9,5554
0,5555
6,5556
1,5557
9,5558
9,5559
0,5560
8,5561
0,5562
9,5563
7,5564
6,5565
6,5566
1,5567
5,5568
6,5569
0,5570
2,5571
4,5572
8,5573
3,5574
6,5575
5,5576
7,5577
7,5578
2,5579
6,5580
5,5581
7,5582
1,5583
8,5584
1,5585
3,5586
5,5587
7,5588
7,5589
7,5590
8,5591
6,5592
7,5593
0,5594
0,5595
7,5596
3,5597
9,5598
5,5599
6,5600
3,5601
8,5602
8,5603
7,5604
8,5605
8,5606
3,5607
5,5608
9,5609
1,5610
6,5611
5,5612
8,5613
7,5614
0,5615
4,5616
4,5617
0,5618
7,5619
9,5620
8,5621
1,5622
7,5623
6,5624
7,5625
3,5626
8,5627
1,5628
5,5629
5,5630
5,5631
8,5632
4,5633
7,5634
9,5635
6,5636
7,5637
9,5638
2,5639
6,5640
1,5641
8,5642
3,5643
0,5644
2,5645
3,5646
5,5647
2,5648
8,5649
1,5650
7,5651
7,5652
2,5653
7,5654
7,5655
8,5656
5,5657
2,5658
3,5659
5,5660
4,5661
1,5662
5,5663
9,5664
4,5665
0,5666
5,5667
0,5668
5,5669
6,5670
8,5671
9,5672
3,5673
1,5674
5,5675
2,5676
4,5677
2,5678
4,5679
4,5680
8,5681
9,5682
7,5683
1,5684
0,5685
9,5686
0,5687
6,5688
1,5689
0,5690
1,5691
9,5692
1,5693
7,5694
7,5695
9,5696
8,5697
5,5698
7,5699
4,5700
4,5701
8,5702
5,5703
1,5704
2,5705
0,5706
3,5707
9,5708
8,5709
5,5710
5,5711
3,5712
4,5713
0,5714
0,5715
8,5716
4,5717
9,5718
3,5719
2,5720
8,5721
7,5722
9,5723
4,5724
1,5725
3,5726
3,5727
1,5728
9,5729
0,5730
3,5731
3,5732
1,5733
1,5734
6,5735
9,5736
9,5737
2,5738
1,5739
7,5740
4,5741
0,5742
3,5743
5,5744
7,5745
6,5746
1,5747
0,5748
2,5749
4,5750
3,5751
5,5752
2,5753
3,5754
1,5755
1,5756
9,5757
7,5758
4,5759
2,5760
9,5761
4,5762
0,5763
5,5764
1,5765
3,5766
0,5767
0,5768
5,5769
9,5770
0,5771
4,5772
6,5773
8,5774
1,5775
2,5776
1,5777
8,5778
8,5779
0,5780
1,5781
4,5782
7,5783
6,5784
0,5785
4,5786
2,5787
9,5788
6,5789
5,5790
4,5791
5,5792
0,5793
9,5794
7,5795
8,5796
9,5797
3,5798
8,5799
0,5800
0,5801
7,5802
8,5803
4,5804
1,5805
6,5806
5,5807
6,5808
2,5809
7,5810
1,5811
3,5812
4,5813
6,5814
0,5815
5,5816
6,5817
9,5818
2,5819
6,5820
1,5821
0,5822
5,5823
7,5824
9,5825
1,5826
4,5827
5,5828
0,5829
1,5830
5,5831
2,5832
6,5833
5,5834
1,5835
5,5836
0,5837
1,5838
3,5839
1,5840
8,5841
1,5842
5,5843
1,5844
8,5845
4,5846
9,5847
4,5848
6,5849
3,5850
8,5851
7,5852
0,5853
7,5854
9,5855
9,5856
7,5857
9,5858
6,5859
0,5860
0,5861
8,5862
4,5863
0,5864
8,5865
3,5866
3,5867
4,5868
8,5869
1,5870
4,5871
3,5872
9,5873
3,5874
6,5875
8,5876
8,5877
1,5878
6,5879
2,5880
1,5881
3,5882
1,5883
1,5884
0,5885
6,5886
3,5887
7,5888
8,5889
5,5890
3,5891
5,5892
1,5893
1,5894
9,5895
5,5896
7,5897
8,5898
7,5899
0,5900
5,5901
3,5902
7,5903
1,5904
1,5905
7,5906
3,5907
7,5908
9,5909
0,5910
6,5911
1,5912
0,5913
4,5914
7,5915
9,5916
7,5917
9,5918
4,5919
5,5920
3,5921
4,5922
3,5923
9,5924
3,5925
1,5926
9,5927
9,5928
7,5929
7,5930
3,5931
6,5932
0,5933
8,5934
7,5935
6,5936
3,5937
2,5938
5,5939
4,5940
8,5941
7,5942
6,5943
9,5944
4,5945
5,5946
2,5947
4,5948
8,5949
5,5950
9,5951
8,5952
1,5953
7,5954
3,5955
2,5956
3,5957
5,5958
4,5959
4,5960
1,5961
4,5962
6,5963
9,5964
5,5965
4,5966
0,5967
7,5968
3,5969
4,5970
9,5971
4,5972
8,5973
6,5974
4,5975
5,5976
4,5977
0,5978
4,5979
4,5980
7,5981
9,5982
6,5983
3,5984
5,5985
7,5986
4,5987
3,5988
2,5989
4,5990
6,5991
1,5992
7,5993
7,5994
8,5995
9,5996
4,5997
4,5998
0,5999
4,6000
9,6001
1,6002
2,6003
1,6004
2,6005
6,6006
6,6007
9,6008
1,6009
1,6010
2,6011
5,6012
5,6013
5,6014
6,6015
2,6016
0,6017
5,6018
8,6019
9,6020
2,6021
6,6022
0,6023
4,6024
3,6025
7,6026
9,6027
4,6028
9,6029
0,6030
6,6031
3,6032
2,6033
0,6034
4,6035
6,6036
9,6037
1,6038
8,6039
8,6040
4,6041
1,6042
5,6043
8,6044
6,6045
3,6046
1,6047
9,6048
5,6049
8,6050
8,6051
6,6052
6,6053
9,6054
4,6055
7,6056
5,6057
2,6058
0,6059
7,6060
3,6061
9,6062
6,6063
4,6064
6,6065
4,6066
7,6067
0,6068
9,6069
7,6070
5,6071
0,6072
0,6073
5,6074
2,6075
0,6076
9,6077
1,6078
0,6079
8,6080
1,6081
8,6082
1,6083
1,6084
4,6085
8,6086
3,6087
1,6088
2,6089
3,6090
1,6091
4,6092
8,6093
1,6094
4,6095
2,6096
8,6097
9,6098
2,6099
2,6100
2,6101
6,6102
8,6103
5,6104
5,6105
3,6106
0,6107
1,6108
8,6109
3,6110
4,6111
8,6112
4,6113
5,6114
6,6115
1,6116
6,6117
9,6118
0,6119
0,6120
0,6121
6,6122
6,6123
1,6124
4,6125
0,6126
7,6127
6,6128
6,6129
1,6130
5,6131
1,6132
4,6133
6,6134
8,6135
1,6136
2,6137
6,6138
1,6139
4,6140
5,6141
9,6142
5,6143
3,6144
3,6145
2,6146
7,6147
0,6148
8,6149
6,6150
3,6151
0,6152
0,6153
2,6154
5,6155
8,6156
5,6157
1,6158
1,6159
8,6160
2,6161
2,6162
3,6163
6,6164
2,6165
4,6166
7,6167
4,6168
9,6169
6,6170
2,6171
6,6172
2,6173
0,6174
7,6175
8,6176
8,6177
0,6178
8,6179
1,6180
2,6181
2,6182
2,6183
2,6184
3,6185
2,6186
1,6187
5,6188
0,6189
1,6190
3,6191
8,6192
7,6193
4,6194
0,6195
8,6196
0,6197
7,6198
0,6199
7,6200
3,6201
8,6202
4,6203
9,6204
0,6205
1,6206
1,6207
9,6208
3,6209
4,6210
0,6211
8,6212
8,6213
3,6214
3,6215
1,6216
6,6217
6,6218
7,6219
1,6220
3,6221
3,6222
8,6223
3,6224
4,6225
4,6226
1,6227
9,6228
5,6229
8,6230
5,6231
7,6232
6,6233
1,6234
3,6235
8,6236
2,6237
0,6238
2,6239
9,6240
6,6241
2,6242
9,6243
5,6244
3,6245
9,6246
4,6247
3,6248
3,6249
3,6250
4,6251
1,6252
5,6253
0,6254
0,6255
0,6256
0,6257
2,6258
9,6259
4,6260
8,6261
7,6262
7,6263
0,6264
9,6265
4,6266
7,6267
8,6268
5,6269
0,6270
3,6271
8,6272
5,6273
1,6274
2,6275
7,6276
9,6277
8,6278
6,6279
7,6280
3,6281
1,6282
1,6283
6,6284
4,6285
1,6286
6,6287
1,6288
6,6289
0,6290
7,6291
3,6292
1,6293
5,6294
9,6295
5,6296
9,6297
8,6298
1,6299
1,6300
8,6301
1,6302
0,6303
7,6304
7,6305
8,6306
1,6307
5,6308
9,6309
1,6310
9,6311
7,6312
0,6313
3,6314
2,6315
0,6316
5,6317
1,6318
3,6319
1,6320
2,6321
2,6322
1,6323
8,6324
1,6325
4,6326
6,6327
0,6328
2,6329
9,6330
4,6331
0,6332
1,6333
4,6334
7,6335
0,6336
2,6337
5,6338
0,6339
2,6340
5,6341
7,6342
1,6343
5,6344
4,6345
2,6346
0,6347
2,6348
8,6349
7,6350
4,6351
5,6352
9,6353
3,6354
2,6355
2,6356
4,6357
2,6358
1,6359
0,6360
6,6361
0,6362
1,6363
9,6364
3,6365
5,6366
9,6367
0,6368
9,6369
0,6370
0,6371
1,6372
5,6373
3,6374
9,6375
3,6376
5,6377
6,6378
0,6379
4,6380
4,6381
2,6382
7,6383
4,6384
9,6385
0,6386
2,6387
3,6388
0,6389
0,6390
8,6391
7,6392
7,6393
1,6394
7,6395
5,6396
1,6397
8,6398
1,6399
4,6400
6,6401
9,6402
6,6403
0,6404
4,6405
0,6406
0,6407
2,6408
3,6409
9,6410
6,6411
8,6412
2,6413
1,6414
6,6415
4,6416
1,6417
5,6418
7,6419
3,6420
4,6421
9,6422
1,6423
2,6424
4,6425
9,6426
8,6427
9,6428
3,6429
3,6430
4,6431
4,6432
4,6433
3,6434
4,6435
2,6436
3,6437
5,6438
8,6439
6,6440
1,6441
4,6442
4,6443
0,6444
4,6445
7,6446
2,6447
4,6448
1,6449
9,6450
1,6451
3,6452
3,6453
5,6454
8,6455
0,6456
1,6457
4,6458
9,6459
3,6460
9,6461
7,6462
1,6463
3,6464
1,6465
6,6466
7,6467
6,6468
3,6469
1,6470
0,6471
8,6472
9,6473
8,6474
8,6475
1,6476
3,6477
3,6478
7,6479
5,6480
8,6481
6,6482
7,6483
9,6484
6,6485
0,6486
4,6487
6,6488
9,6489
1,6490
4,6491
5,6492
8,6493
6,6494
0,6495
6,6496
0,6497
6,6498
8,6499
9,6500
6,6501
7,6502
7,6503
2,6504
4,6505
9,6506
9,6507
5,6508
1,6509
1,6510
0,6511
3,6512
6,6513
6,6514
4,6515
0,6516
4,6517
1,6518
0,6519
8,6520
5,6521
2,6522
2,6523
5,6524
2,6525
7,6526
7,6527
0,6528
8,6529
4,6530
1,6531
6,6532
8,6533
7,6534
3,6535
7,6536
5,6537
5,6538
1,6539
4,6540
1,6541
3,6542
4,6543
0,6544
2,6545
8,6546
6,6547
7,6548
2,6549
0,6550
5,6551
8,6552
1,6553
0,6554
5,6555
5,6556
5,6557
9,6558
7,6559
5,6560
3,6561
4,6562
3,6563
0,6564
1,6565
6,6566
6,6567
6,6568
1,6569
3,6570
3,6571
4,6572
8,6573
7,6574
4,6575
3,6576
8,6577
3,6578
5,6579
8,6580
1,6581
6,6582
5,6583
0,6584
0,6585
2,6586
4,6587
9,6588
6,6589
9,6590
2,6591
9,6592
1,6593
9,6594
7,6595
4,6596
1,6597
2,6598
1,6599
3,6600
6,6601
8,6602
6,6603
7,6604
9,6605
8,6606
3,6607
3,6608
3,6609
4,6610
9,6611
1,6612
9,6613
8,6614
0,6615
5,6616
6,6617
3,6618
4,6619
3,6620
6,6621
6,6622
3,6623
1,6624
6,6625
3,6626
0,6627
0,6628
6,6629
8,6630
2,6631
6,6632
6,6633
2,6634
4,6635
5,6636
8,6637
2,6638
5,6639
0,6640
1,6641
1,6642
4,6643
8,6644
6,6645
1,6646
9,6647
6,6648
4,6649
3,6650
2,6651
5,6652
5,6653
5,6654
3,6655
3,6656
8,6657
6,6658
1,6659
4,6660
3,6661
4,6662
9,6663
8,6664
7,6665
9,6666
8,6667
0,6668
1,6669
6,6670
1,6671
0,6672
8,6673
5,6674
5,6675
0,6676
9,6677
1,6678
5,6679
9,6680
7,6681
9,6682
7,6683
3,6684
0,6685
9,6686
8,6687
8,6688
0,6689
5,6690
7,6691
7,6692
8,6693
2,6694
0,6695
7,6696
4,6697
1,6698
1,6699
4,6700
9,6701
4,6702
2,6703
3,6704
8,6705
8,6706
4,6707
7,6708
8,6709
4,6710
1,6711
8,6712
5,6713
3,6714
2,6715
9,6716
9,6717
3,6718
9,6719
9,6720
0,6721
7,6722
3,6723
7,6724
4,6725
4,6726
2,6727
0,6728
2,6729
3,6730
9,6731
1,6732
9,6733
9,6734
0,6735
1,6736
6,6737
3,6738
8,6739
5,6740
0,6741
1,6742
3,6743
5,6744
0,6745
3,6746
7,6747
7,6748
3,6749
6,6750
1,6751
5,6752
3,6753
9,6754
3,6755
5,6756
4,6757
0,6758
5,6759
3,6760
5,6761
1,6762
5,6763
5,6764
6,6765
5,6766
8,6767
2,6768
1,6769
5,6770
8,6771
9,6772
2,6773
6,6774
3,6775
2,6776
7,6777
0,6778
5,6779
1,6780
5,6781
2,6782
1,6783
1,6784
1,6785
0,6786
9,6787
7,6788
5,6789
1,6790
2,6791
9,6792
6,6793
9,6794
0,6795
9,6796
5,6797
3,6798
0,6799
9,6800
2,6801
7,6802
7,6803
0,6804
8,6805
6,6806
8,6807
8,6808
3,6809
5,6810
3,6811
3,6812
7,6813
6,6814
6,6815
1,6816
4,6817
9,6818
1,6819
5,6820
7,6821
8,6822
8,6823
3,6824
3,6825
8,6826
2,6827
9,6828
1,6829
2,6830
5,6831
0,6832
7,6833
9,6834
7,6835
6,6836
0,6837
3,6838
0,6839
1,6840
1,6841
2,6842
1,6843
7,6844
3,6845
2,6846
1,6847
9,6848
3,6849
2,6850
4,6851
9,6852
9,6853
1,6854
8,6855
3,6856
0,6857
4,6858
2,6859
1,6860
1,6861
9,6862
5,6863
6,6864
1,6865
0,6866
5,6867
4,6868
1,6869
7,6870
2,6871
1,6872
3,6873
1,6874
1,6875
1,6876
1,6877
5,6878
8,6879
6,6880
2,6881
2,6882
1,6883
6,6884
0,6885
8,6886
3,6887
7,6888
7,6889
3,6890
2,6891
6,6892
1,6893
1,6894
0,6895
0,6896
4,6897
7,6898
9,6899
1,6900
2,6901
3,6902
7,6903
1,6904
4,6905
6,6906
4,6907
8,6908
7,6909
7,6910
4,6911
9,6912
6,6913
7,6914
0,6915
4,6916
3,6917
0,6918
9,6919
4,6920
4,6921
2,6922
8,6923
2,6924
8,6925
3,6926
1,6927
2,6928
5,6929
1,6930
2,6931
4,6932
5,6933
1,6934
2,6935
3,6936
9,6937
4,6938
8,6939
0,6940
1,6941
6,6942
2,6943
4,6944
0,6945
3,6946
1,6947
8,6948
4,6949
4,6950
0,6951
4,6952
1,6953
4,6954
5,6955
6,6956
7,6957
6,6958
4,6959
6,6960
1,6961
2,6962
7,6963
8,6964
2,6965
3,6966
6,6967
3,6968
8,6969
1,6970
4,6971
6,6972
9,6973
9,6974
0,6975
8,6976
9,6977
8,6978
2,6979
0,6980
1,6981
1,6982
3,6983
2,6984
0,6985
6,6986
7,6987
1,6988
1,6989
7,6990
3,6991
1,6992
9,6993
1,6994
0,6995
1,6996
8,6997
6,6998
4,6999
3,7000
2,7001
6,7002
9,7003
9,7004
2,7005
0,7006
2,7007
5,7008
7,7009
2,7010
4,7011
4,7012
3,7013
9,7014
3,7015
1,7016
5,7017
5,7018
9,7019
1,7020
0,7021
4,7022
2,7023
2,7024
3,7025
2,7026
6,7027
6,7028
7,7029
5,7030
7,7031
0,7032
2,7033
9,7034
6,7035
2,7036
7,7037
7,7038
6,7039
0,7040
1,7041
1,7042
1,7043
3,7044
6,7045
7,7046
3,7047
3,7048
3,7049
3,7050
1,7051
1,7052
4,7053
7,7054
7,7055
2,7056
5,7057
1,7058
6,7059
5,7060
4,7061
4,7062
4,7063
8,7064
0,7065
4,7066
9,7067
2,7068
3,7069
4,7070
1,7071
0,7072
9,7073
5,7074
8,7075
6,7076
0,7077
1,7078
4,7079
6,7080
1,7081
3,7082
9,7083
2,7084
7,7085
8,7086
3,7087
5,7088
1,7089
5,7090
1,7091
2,7092
8,7093
5,7094
6,7095
2,7096
6,7097
3,7098
2,7099
6,7100
4,7101
1,7102
1,7103
3,7104
1,7105
9,7106
7,7107
7,7108
4,7109
6,7110
3,7111
0,7112
3,7113
8,7114
7,7115
1,7116
7,7117
1,7118
3,7119
8,7120
6,7121
3,7122
0,7123
7,7124
2,7125
0,7126
5,7127
6,7128
2,7129
1,7130
9,7131
6,7132
6,7133
3,7134
0,7135
9,7136
5,7137
5,7138
7,7139
9,7140
8,7141
1,7142
3,7143
8,7144
7,7145
1,7146
9,7147
6,7148
4,7149
8,7150
8,7151
6,7152
4,7153
3,7154
0,7155
8,7156
7,7157
0,7158
7,7159
2,7160
3,7161
3,7162
1,7163
1,7164
6,7165
3,7166
7,7167
5,7168
6,7169
7,7170
3,7171
4,7172
2,7173
0,7174
3,7175
2,7176
9,7177
8,7178
4,7179
0,7180
2,7181
8,7182
6,7183
3,7184
3,7185
3,7186
5,7187
7,7188
8,7189
9,7190
6,7191
7,7192
4,7193
1,7194
3,7195
9,7196
2,7197
3,7198
2,7199
4,7200
9,7201
9,7202
9,7203
6,7204
0,7205
8,7206
0,7207
0,7208
0,7209
3,7210
1,7211
2,7212
6,7213
7,7214
7,7215
0,7216
0,7217
0,7218
9,7219
6,7220
5,7221
8,7222
0,7223
2,7224
8,7225
3,7226
7,7227
7,7228
3,7229
1,7230
7,7231
5,7232
4,7233
2,7234
0,7235
2,7236
6,7237
3,7238
0,7239
5,7240
3,7241
5,7242
8,7243
9,7244
0,7245
4,7246
9,7247
8,7248
2,7249
3,7250
6,7251
4,7252
8,7253
0,7254
8,7255
8,7256
2,7257
4,7258
5,7259
7,7260
8,7261
1,7262
6,7263
3,7264
6,7265
7,7266
7,7267
8,7268
9,7269
2,7270
1,7271
6,7272
7,7273
6,7274
3,7275
5,7276
6,7277
1,7278
4,7279
6,7280
2,7281
9,7282
7,7283
3,7284
5,7285
7,7286
2,7287
1,7288
3,7289
0,7290
5,7291
7,7292
3,7293
8,7294
8,7295
4,7296
9,7297
9,7298
9,7299
4,7300
8,7301
5,7302
6,7303
1,7304
5,7305
8,7306
6,7307
5,7308
7,7309
7,7310
8,7311
3,7312
1,7313
2,7314
6,7315
3,7316
8,7317
0,7318
8,7319
2,7320
4,7321
3,7322
8,7323
9,7324
3,7325
1,7326
1,7327
7,7328
1,7329
5,7330
9,7331
7,7332
6,7333
6,7334
2,7335
6,7336
4,7337
8,7338
1,7339
4,7340
9,7341
1,7342
8,7343
0,7344
6,7345
8,7346
8,7347
9,7348
1,7349
6,7350
2,7351
5,7352
3,7353
4,7354
9,7355
2,7356
9,7357
4,7358
6,7359
4,7360
9,7361
5,7362
2,7363
7,7364
8,7365
2,7366
1,7367
2,7368
9,7369
3,7370
6,7371
8,7372
2,7373
2,7374
7,7375
0,7376
9,7377
4,7378
6,7379
6,7380
0,7381
0,7382
8,7383
8,7384
5,7385
9,7386
7,7387
6,7388
8,7389
8,7390
8,7391
1,7392
3,7393
1,7394
4,7395
3,7396
7,7397
9,7398
2,7399
8,7400
2,7401
7,7402
7,7403
3,7404
5,7405
0,7406
7,7407
4,7408
4,7409
8,7410
0,7411
6,7412
2,7413
0,7414
3,7415
8,7416
6,7417
1,7418
5,7419
3,7420
5,7421
1,7422
2,7423
0,7424
5,7425
0,7426
4,7427
6,7428
8,7429
2,7430
9,7431
7,7432
0,7433
1,7434
3,7435
0,7436
1,7437
0,7438
1,7439
7,7440
2,7441
5,7442
2,7443
9,7444
3,7445
4,7446
1,7447
3,7448
8,7449
7,7450
9,7451
4,7452
8,7453
7,7454
1,7455
6,7456
9,7457
7,7458
7,7459
1,7460
4,7461
2,7462
8,7463
7,7464
2,7465
0,7466
0,7467
5,7468
2,7469
1,7470
4,7471
8,7472
1,7473
9,7474
9,7475
3,7476
0,7477
7,7478
2,7479
6,7480
1,7481
0,7482
1,7483
7,7484
8,7485
2,7486
9,7487
1,7488
5,7489
2,7490
9,7491
2,7492
8,7493
4,7494
9,7495
4,7496
8,7497
3,7498
2,7499
7,7500
9,7501
9,7502
9,7503
0,7504
3,7505
5,7506
5,7507
7,7508
6,7509
5,7510
1,7511
1,7512
4,7513
3,7514
1,7515
2,7516
7,7517
9,7518
6,7519
6,7520
7,7521
8,7522
0,7523
6,7524
6,7525
1,7526
0,7527
2,7528
2,7529
6,7530
3,7531
7,7532
8,7533
4,7534
0,7535
3,7536
3,7537
9,7538
6,7539
1,7540
0,7541
6,7542
3,7543
7,7544
8,7545
7,7546
8,7547
4,7548
3,7549
0,7550
9,7551
2,7552
3,7553
7,7554
5,7555
3,7556
1,7557
5,7558
8,7559
2,7560
6,7561
3,7562
9,7563
1,7564
0,7565
4,7566
7,7567
3,7568
2,7569
9,7570
7,7571
8,7572
9,7573
6,7574
3,7575
0,7576
9,7577
1,7578
1,7579
2,7580
2,7581
0,7582
9,7583
3,7584
4,7585
1,7586
0,7587
3,7588
9,7589
1,7590
8,7591
8,7592
0,7593
4,7594
3,7595
4,7596
5,7597
7,7598
1,7599
3,7600
2,7601
9,7602
8,7603
6,7604
5,7605
7,7606
3,7607
9,7608
3,7609
9,7610
7,7611
0,7612
3,7613
1,7614
7,7615
9,7616
2,7617
6,7618
7,7619
5,7620
9,7621
6,7622
1,7623
2,7624
4,7625
2,7626
3,7627
5,7628
0,7629
3,7630
3,7631
6,7632
0,7633
3,7634
1,7635
7,7636
5,7637
2,7638
8,7639
6,7640
4,7641
0,7642
0,7643
1,7644
4,7645
9,7646
2,7647
7,7648
9,7649
2,7650
3,7651
9,7652
8,7653
0,7654
7,7655
4,7656
5,7657
1,7658
4,7659
7,7660
0,7661
1,7662
6,7663
4,7664
1,7665
0,7666
9,7667
4,7668
1,7669
0,7670
8,7671
1,7672
8,7673
4,7674
0,7675
2,7676
4,7677
0,7678
0,7679
2,7680
5,7681
5,7682
2,7683
7,7684
8,7685
5,7686
3,7687
9,7688
3,7689
3,7690
7,7691
0,7692
0,7693
2,7694
3,7695
0,7696
2,7697
6,7698
3,7699
1,7700
9,7701
1,7702
7,7703
7,7704
7,7705
2,7706
8,7707
3,7708
4,7709
6,7710
0,7711
3,7712
1,7713
0,7714
6,7715
4,7716
9,7717
9,7718
9,7719
5,7720
9,7721
9,7722
1,7723
3,7724
1,7725
3,7726
8,7727
9,7728
5,7729
8,7730
9,7731
0,7732
9,7733
4,7734
4,7735
3,7736
6,7737
2,7738
4,7739
1,7740
1,7741
3,7742
3,7743
3,7744
9,7745
6,7746
4,7747
4,7748
9,7749
1,7750
8,7751
3,7752
4,7753
6,7754
4,7755
6,7756
6,7757
8,7758
9,7759
4,7760
1,7761
2,7762
1,7763
7,7764
0,7765
3,7766
7,7767
3,7768
9,7769
5,7770
4,7771
8,7772
9,7773
9,7774
4,7775
9,7776
0,7777
1,7778
3,7779
9,7780
9,7781
9,7782
8,7783
3,7784
0,7785
5,7786
5,7787
0,7788
1,7789
0,7790
3,7791
5,7792
4,7793
6,7794
6,7795
9,7796
0,7797
0,7798
7,7799
2,7800
8,7801
3,7802
9,7803
8,7804
0,7805
4,7806
9,7807
9,7808
2,7809
7,7810
5,7811
1,7812
2,7813
9,7814
3,7815
8,7816
0,7817
8,7818
6,7819
3,7820
7,7821
6,7822
3,7823
8,7824
0,7825
5,7826
0,7827
3,7828
1,7829
1,7830
3,7831
1,7832
8,7833
1,7834
9,7835
2,7836
9,7837
7,7838
1,7839
5,7840
0,7841
9,7842
1,7843
3,7844
6,7845
2,7846
8,7847
1,7848
3,7849
3,7850
1,7851
2,7852
8,7853
9,7854
7,7855
0,7856
1,7857
7,7858
1,7859
1,7860
3,7861
0,7862
2,7863
4,7864
8,7865
9,7866
0,7867
4,7868
6,7869
0,7870
3,7871
9,7872
9,7873
5,7874
4,7875
5,7876
1,7877
2,7878
8,7879
3,7880
7,7881
0,7882
0,7883
0,7884
5,7885
7,7886
8,7887
5,7888
1,7889
0,7890
6,7891
8,7892
8,7893
0,7894
4,7895
2,7896
7,7897
7,7898
1,7899
0,7900
7,7901
9,7902
6,7903
1,7904
7,7905
4,7906
3,7907
8,7908
4,7909
3,7910
4,7911
9,7912
0,7913
9,7914
9,7915
6,7916
4,7917
3,7918
6,7919
4,7920
3,7921
0,7922
8,7923
7,7924
8,7925
5,7926
3,7927
6,7928
4,7929
8,7930
8,7931
9,7932
9,7933
0,7934
4,7935
5,7936
4,7937
7,7938
5,7939
4,7940
9,7941
6,7942
5,7943
7,7944
3,7945
7,7946
2,7947
9,7948
6,7949
6,7950
2,7951
0,7952
3,7953
1,7954
9,7955
8,7956
8,7957
4,7958
3,7959
5,7960
8,7961
4,7962
3,7963
1,7964
1,7965
9,7966
4,7967
9,7968
1,7969
5,7970
6,7971
5,7972
6,7973
3,7974
3,7975
8,7976
1,7977
6,7978
2,7979
9,7980
2,7981
0,7982
4,7983
1,7984
9,7985
8,7986
1,7987
3,7988
0,7989
8,7990
1,7991
9,7992
1,7993
4,7994
6,7995
3,7996
0,7997
8,7998
9,7999
3,8000
8,8001
1,8002
6,8003
1,8004
4,8005
9,8006
0,8007
6,8008
1,8009
6,8010
5,8011
9,8012
7,8013
9,8014
1,8015
3,8016
6,8017
8,8018
4,8019
4,8020
6,8021
6,8022
3,8023
7,8024
9,8025
0,8026
9,8027
7,8028
0,8029
8,8030
6,8031
9,8032
3,8033
7,8034
9,8035
1,8036
0,8037
6,8038
1,8039
5,8040
3,8041
2,8042
8,8043
4,8044
6,8045
6,8046
0,8047
6,8048
3,8049
5,8050
9,8051
1,8052
7,8053
5,8054
4,8055
9,8056
5,8057
0,8058
6,8059
8,8060
3,8061
4,8062
6,8063
6,8064
8,8065
5,8066
4,8067
9,8068
3,8069
1,8070
2,8071
3,8072
2,8073
5,8074
6,8075
1,8076
9,8077
1,8078
3,8079
4,8080
7,8081
3,8082
3,8083
0,8084
9,8085
1,8086
5,8087
4,8088
6,8089
7,8090
6,8091
7,8092
1,8093
4,8094
4,8095
1,8096
0,8097
9,8098
4,8099
4,8100
9,8101
5,8102
0,8103
4,8104
2,8105
1,8106
8,8107
9,8108
0,8109
7,8110
1,8111
7,8112
2,8113
2,8114
8,8115
2,8116
9,8117
8,8118
2,8119
8,8120
6,8121
8,8122
7,8123
4,8124
7,8125
0,8126
8,8127
1,8128
3,8129
2,8130
6,8131
0,8132
7,8133
1,8134
5,8135
1,8136
5,8137
9,8138
4,8139
3,8140
8,8141
7,8142
2,8143
6,8144
8,8145
0,8146
9,8147
8,8148
4,8149
0,8150
7,8151
1,8152
8,8153
6,8154
4,8155
2,8156
9,8157
6,8158
6,8159
7,8160
7,8161
1,8162
8,8163
8,8164
7,8165
7,8166
3,8167
3,8168
2,8169
6,8170
3,8171
7,8172
9,8173
3,8174
2,8175
6,8176
1,8177
1,8178
8,8179
6,8180
8,8181
0,8182
4,8183
0,8184
8,8185
7,8186
1,8187
7,8188
8,8189
5,8190
9,8191
2,8192
2,8193
6,8194
0,8195
7,8196
5,8197
6,8198
7,8199
1,8200
0,8201
5,8202
0,8203
4,8204
3,8205
6,8206
5,8207
1,8208
4,8209
5,8210
0,8211
0,8212
0,8213
6,8214
5,8215
0,8216
8,8217
2,8218
4,8219
9,8220
9,8221
3,8222
0,8223
9,8224
1,8225
4,8226
3,8227
0,8228
0,8229
0,8230
1,8231
7,8232
6,8233
1,8234
0,8235
1,8236
0,8237
1,8238
9,8239
3,8240
8,8241
8,8242
6,8243
5,8244
7,8245
1,8246
8,8247
7,8248
9,8249
2,8250
7,8251
4,8252
6,8253
1,8254
1,8255
1,8256
4,8257
9,8258
3,8259
8,8260
1,8261
5,8262
4,8263
8,8264
4,8265
1,8266
8,8267
0,8268
3,8269
3,8270
1,8271
0,8272
1,8273
7,8274
1,8275
0,8276
2,8277
2,8278
3,8279
0,8280
2,8281
4,8282
1,8283
3,8284
2,8285
9,8286
7,8287
5,8288
8,8289
1,8290
1,8291
0,8292
7,8293
1,8294
2,8295
2,8296
9,8297
9,8298
7,8299
1,8300
6,8301
3,8302
2,8303
7,8304
8,8305
2,8306
5,8307
0,8308
3,8309
5,8310
4,8311
1,8312
1,8313
2,8314
0,8315
2,8316
4,8317
0,8318
7,8319
4,8320
6,8321
7,8322
2,8323
3,8324
5,8325
0,8326
1,8327
3,8328
1,8329
1,8330
5,8331
4,8332
6,8333
4,8334
4,8335
7,8336
6,8337
1,8338
8,8339
8,8340
1,8341
8,8342
5,8343
8,8344
0,8345
3,8346
8,8347
2,8348
9,8349
4,8350
9,8351
7,8352
1,8353
1,8354
1,8355
3,8356
2,8357
4,8358
5,8359
3,8360
4,8361
8,8362
5,8363
9,8364
2,8365
1,8366
1,8367
9,8368
1,8369
0,8370
4,8371
2,8372
0,8373
5,8374
3,8375
4,8376
6,8377
9,8378
0,8379
0,8380
1,8381
6,8382
5,8383
2,8384
9,8385
4,8386
2,8387
6,8388
7,8389
6,8390
9,8391
4,8392
7,8393
2,8394
6,8395
1,8396
1,8397
1,8398
7,8399
1,8400
4,8401
1,8402
9,8403
9,8404
6,8405
2,8406
9,8407
2,8408
6,8409
6,8410
1,8411
4,8412
1,8413
3,8414
1,8415
3,8416
8,8417
9,8418
4,8419
5,8420
7,8421
6,8422
9,8423
1,8424
4,8425
9,8426
4,8427
4,8428
7,8429
1,8430
7,8431
0,8432
5,8433
9,8434
2,8435
1,8436
1,8437
6,8438
9,8439
0,8440
9,8441
6,8442
0,8443
3,8444
8,8445
4,8446
9,8447
1,8448
9,8449
1,8450
7,8451
5,8452
8,8453
2,8454
6,8455
3,8456
7,8457
3,8458
8,8459
3,8460
8,8461
4,8462
8,8463
0,8464
6,8465
1,8466
5,8467
7,8468
3,8469
6,8470
8,8471
9,8472
3,8473
0,8474
3,8475
0,8476
0,8477
0,8478
3,8479
7,8480
7,8481
8,8482
6,8483
7,8484
0,8485
5,8486
6,8487
7,8488
1,8489
1,8490
8,8491
2,8492
1,8493
3,8494
9,8495
3,8496
4,8497
3,8498
4,8499
1,8500
2,8501
8,8502
8,8503
7,8504
1,8505
8,8506
9,8507
7,8508
6,8509
1,8510
1,8511
7,8512
8,8513
5,8514
6,8515
4,8516
6,8517
1,8518
0,8519
8,8520
7,8521
3,8522
7,8523
2,8524
2,8525
1,8526
5,8527
1,8528
7,8529
6,8530
3,8531
8,8532
6,8533
2,8534
0,8535
3,8536
5,8537
6,8538
8,8539
0,8540
6,8541
9,8542
3,8543
0,8544
1,8545
2,8546
0,8547
4,8548
3,8549
4,8550
2,8551
8,8552
7,8553
4,8554
5,8555
8,8556
1,8557
8,8558
0,8559
3,8560
5,8561
5,8562
7,8563
3,8564
8,8565
9,8566
0,8567
7,8568
1,8569
7,8570
5,8571
4,8572
8,8573
1,8574
2,8575
7,8576
5,8577
2,8578
3,8579
8,8580
5,8581
7,8582
1,8583
9,8584
0,8585
8,8586
7,8587
7,8588
7,8589
2,8590
9,8591
2,8592
1,8593
2,8594
1,8595
2,8596
8,8597
4,8598
3,8599
4,8600
8,8601
2,8602
0,8603
8,8604
4,8605
5,8606
2,8607
0,8608
4,8609
2,8610
1,8611
9,8612
9,8613
9,8614
3,8615
6,8616
6,8617
5,8618
5,8619
8,8620
3,8621
8,8622
3,8623
7,8624
4,8625
5,8626
5,8627
3,8628
8,8629
1,8630
3,8631
0,8632
9,8633
9,8634
1,8635
4,8636
4,8637
8,8638
6,8639
9,8640
3,8641
8,8642
4,8643
2,8644
5,8645
6,8646
9,8647
9,8648
8,8649
5,8650
4,8651
7,8652
0,8653
2,8654
8,8655
2,8656
3,8657
3,8658
5,8659
9,8660
3,8661
8,8662
6,8663
4,8664
1,8665
7,8666
5,8667
7,8668
1,8669
3,8670
5,8671
4,8672
7,8673
1,8674
3,8675
1,8676
2,8677
9,8678
3,8679
1,8680
9,8681
7,8682
9,8683
7,8684
3,8685
2,8686
3,8687
2,8688
7,8689
7,8690
6,8691
7,8692
6,8693
7,8694
7,8695
2,8696
4,8697
2,8698
4,8699
4,8700
4,8701
8,8702
7,8703
6,8704
8,8705
1,8706
2,8707
7,8708
5,8709
9,8710
1,8711
5,8712
6,8713
2,8714
4,8715
1,8716
0,8717
0,8718
0,8719
8,8720
6,8721
6,8722
4,8723
9,8724
5,8725
0,8726
7,8727
5,8728
9,8729
3,8730
7,8731
5,8732
2,8733
6,8734
3,8735
7,8736
4,8737
2,8738
7,8739
7,8740
5,8741
3,8742
3,8743
5,8744
2,8745
4,8746
9,8747
9,8748
8,8749
0,8750
2,8751
7,8752
4,8753
0,8754
6,8755
8,8756
1,8757
5,8758
0,8759
6,8760
9,8761
3,8762
3,8763
1,8764
7,8765
5,8766
0,8767
7,8768
5,8769
4,8770
1,8771
0,8772
0,8773
5,8774
1,8775
8,8776
6,8777
9,8778
1,8779
5,8780
0,8781
9,8782
6,8783
0,8784
6,8785
9,8786
1,8787
6,8788
1,8789
8,8790
5,8791
6,8792
5,8793
3,8794
1,8795
6,8796
8,8797
3,8798
4,8799
6,8800
6,8801
9,8802
4,8803
3,8804
3,8805
7,8806
2,8807
7,8808
8,8809
6,8810
8,8811
9,8812
3,8813
6,8814
5,8815
1,8816
5,8817
1,8818
7,8819
2,8820
0,8821
0,8822
7,8823
4,8824
7,8825
2,8826
3,8827
6,8828
1,8829
6,8830
8,8831
9,8832
6,8833
6,8834
4,8835
9,8836
7,8837
7,8838
9,8839
8,8840
8,8841
1,8842
1,8843
3,8844
5,8845
9,8846
1,8847
3,8848
3,8849
6,8850
3,8851
5,8852
7,8853
0,8854
2,8855
0,8856
3,8857
9,8858
1,8859
9,8860
2,8861
4,8862
8,8863
0,8864
6,8865
2,8866
5,8867
1,8868
1,8869
3,8870
9,8871
2,8872
0,8873
8,8874
5,8875
4,8876
7,8877
0,8878
6,8879
7,8880
9,8881
1,8882
4,8883
0,8884
0,8885
1,8886
1,8887
5,8888
4,8889
1,8890
8,8891
9,8892
8,8893
3,8894
5,8895
7,8896
7,8897
2,8898
9,8899
9,8900
4,8901
2,8902
8,8903
1,8904
9,8905
3,8906
2,8907
1,8908
5,8909
0,8910
4,8911
8,8912
1,8913
3,8914
7,8915
4,8916
5,8917
4,8918
6,8919
6,8920
6,8921
2,8922
8,8923
4,8924
1,8925
7,8926
8,8927
1,8928
1,8929
3,8930
2,8931
1,8932
8,8933
7,8934
1,8935
8,8936
9,8937
7,8938
9,8939
4,8940
4,8941
4,8942
4,8943
7,8944
3,8945
3,8946
4,8947
9,8948
3,8949
5,8950
6,8951
9,8952
1,8953
0,8954
3,8955
1,8956
4,8957
2,8958
1,8959
4,8960
1,8961
8,8962
7,8963
6,8964
1,8965
8,8966
7,8967
6,8968
9,8969
3,8970
5,8971
5,8972
3,8973
9,8974
6,8975
5,8976
8,8977
6,8978
4,8979
6,8980
5,8981
2,8982
0,8983
9,8984
2,8985
4,8986
5,8987
1,8988
5,8989
1,8990
9,8991
4,8992
4,8993
4,8994
0,8995
4,8996
5,8997
1,8998
8,8999
3,9000
0,9001
3,9002
1,9003
4,9004
2,9005
1,9006
2,9007
4,9008
8,9009
3,9010
1,9011
2,9012
8,9013
9,9014
4,9015
7,9016
9,9017
1,9018
6,9019
5,9020
8,9021
9,9022
6,9023
0,9024
3,9025
4,9026
5,9027
3,9028
6,9029
1,9030
2,9031
5,9032
4,9033
7,9034
1,9035
7,9036
0,9037
8,9038
4,9039
9,9040
9,9041
0,9042
8,9043
0,9044
7,9045
8,9046
7,9047
6,9048
1,9049
0,9050
1,9051
9,9052
0,9053
1,9054
1,9055
8,9056
3,9057
7,9058
1,9059
2,9060
7,9061
3,9062
8,9063
5,9064
6,9065
5,9066
1,9067
4,9068
1,9069
9,9070
1,9071
6,9072
0,9073
6,9074
9,9075
7,9076
0,9077
4,9078
2,9079
9,9080
7,9081
8,9082
2,9083
9,9084
1,9085
8,9086
9,9087
1,9088
9,9089
6,9090
7,9091
7,9092
5,9093
8,9094
2,9095
5,9096
4,9097
8,9098
5,9099
9,9100
7,9101
6,9102
8,9103
6,9104
8,9105
3,9106
4,9107
7,9108
6,9109
2,9110
9,9111
4,9112
0,9113
9,9114
3,9115
9,9116
4,9117
7,9118
7,9119
6,9120
6,9121
0,9122
0,9123
7,9124
1,9125
3,9126
4,9127
8,9128
2,9129
2,9130
1,9131
1,9132
9,9133
6,9134
0,9135
0,9136
9,9137
9,9138
9,9139
8,9140
0,9141
8,9142
2,9143
8,9144
1,9145
5,9146
3,9147
4,9148
9,9149
1,9150
7,9151
8,9152
0,9153
5,9154
0,9155
1,9156
6,9157
2,9158
0,9159
5,9160
6,9161
6,9162
0,9163
8,9164
3,9165
4,9166
1,9167
3,9168
2,9169
1,9170
8,9171
7,9172
7,9173
2,9174
0,9175
0,9176
4,9177
6,9178
3,9179
5,9180
8,9181
8,9182
6,9183
9,9184
3,9185
1,9186
6,9187
7,9188
7,9189
1,9190
8,9191
9,9192
3,9193
1,9194
2,9195
5,9196
0,9197
8,9198
2,9199
3,9200
2,9201
7,9202
4,9203
1,9204
1,9205
7,9206
6,9207
3,9208
1,9209
7,9210
0,9211
8,9212
5,9213
5,9214
8,9215
3,9216
0,9217
8,9218
1,9219
0,9220
2,9221
8,9222
6,9223
1,9224
4,9225
9,9226
1,9227
9,9228
0,9229
4,9230
9,9231
4,9232
6,9233
9,9234
0,9235
2,9236
8,9237
7,9238
7,9239
9,9240
1,9241
7,9242
7,9243
5,9244
7,9245
4,9246
1,9247
5,9248
8,9249
3,9250
4,9251
4,9252
0,9253
6,9254
0,9255
5,9256
1,9257
3,9258
3,9259
5,9260
3,9261
6,9262
9,9263
0,9264
3,9265
6,9266
4,9267
0,9268
7,9269
3,9270
3,9271
2,9272
0,9273
6,9274
1,9275
3,9276
7,9277
2,9278
3,9279
3,9280
1,9281
1,9282
9,9283
8,9284
8,9285
2,9286
8,9287
2,9288
9,9289
0,9290
7,9291
7,9292
4,9293
9,9294
0,9295
1,9296
2,9297
6,9298
8,9299
1,9300
5,9301
3,9302
1,9303
1,9304
8,9305
9,9306
1,9307
6,9308
5,9309
6,9310
4,9311
7,9312
2,9313
1,9314
5,9315
3,9316
4,9317
6,9318
9,9319
9,9320
2,9321
0,9322
6,9323
6,9324
0,9325
1,9326
9,9327
7,9328
5,9329
1,9330
2,9331
8,9332
1,9333
1,9334
3,9335
3,9336
3,9337
7,9338
6,9339
1,9340
6,9341
3,9342
1,9343
5,9344
1,9345
2,9346
0,9347
5,9348
8,9349
8,9350
9,9351
3,9352
1,9353
5,9354
3,9355
8,9356
7,9357
3,9358
3,9359
9,9360
9,9361
9,9362
8,9363
2,9364
1,9365
9,9366
5,9367
5,9368
1,9369
4,9370
9,9371
4,9372
6,9373
7,9374
0,9375
9,9376
4,9377
7,9378
8,9379
7,9380
4,9381
1,9382
1,9383
5,9384
0,9385
9,9386
1,9387
8,9388
5,9389
1,9390
3,9391
1,9392
9,9393
7,9394
3,9395
7,9396
8,9397
0,9398
9,9399
0,9400
2,9401
0,9402
7,9403
5,9404
4,9405
2,9406
4,9407
0,9408
8,9409
7,9410
0,9411
4,9412
6,9413
6,9414
6,9415
6,9416
1,9417
3,9418
4,9419
1,9420
1,9421
2,9422
1,9423
3,9424
9,9425
8,9426
1,9427
8,9428
1,9429
0,9430
1,9431
9,9432
0,9433
8,9434
1,9435
5,9436
1,9437
0,9438
5,9439
6,9440
6,9441
9,9442
5,9443
4,9444
6,9445
4,9446
5,9447
5,9448
8,9449
2,9450
8,9451
3,9452
1,9453
0,9454
5,9455
2,9456
0,9457
7,9458
5,9459
8,9460
9,9461
0,9462
2,9463
4,9464
6,9465
4,9466
7,9467
7,9468
3,9469
7,9470
0,9471
7,9472
8,9473
7,9474
0,9475
0,9476
9,9477
1,9478
0,9479
9,9480
4,9481
0,9482
8,9483
0,9484
3,9485
2,9486
4,9487
5,9488
5,9489
8,9490
7,9491
5,9492
7,9493
7,9494
5,9495
1,9496
3,9497
1,9498
3,9499
2,9500
8,9501
3,9502
3,9503
6,9504
5,9505
1,9506
9,9507
1,9508
1,9509
0,9510
2,9511
9,9512
9,9513
5,9514
1,9515
2,9516
6,9517
7,9518
0,9519
0,9520
2,9521
6,9522
9,9523
7,9524
3,9525
6,9526
9,9527
6,9528
2,9529
3,9530
9,9531
2,9532
1,9533
2,9534
1,9535
8,9536
5,9537
3,9538
1,9539
6,9540
5,9541
8,9542
1,9543
5,9544
6,9545
6,9546
1,9547
2,9548
8,9549
0,9550
1,9551
9,9552
4,9553
0,9554
7,9555
0,9556
0,9557
2,9558
5,9559
6,9560
2,9561
9,9562
4,9563
2,9564
2,9565
7,9566
9,9567
4,9568
6,9569
4,9570
3,9571
1,9572
8,9573
2,9574
8,9575
8,9576
0,9577
6,9578
4,9579
6,9580
9,9581
1,9582
8,9583
6,9584
8,9585
0,9586
2,9587
0,9588
8,9589
9,9590
3,9591
6,9592
0,9593
9,9594
8,9595
3,9596
2,9597
6,9598
3,9599
8,9600
7,9601
9,9602
9,9603
9,9604
6,9605
5,9606
5,9607
1,9608
3,9609
8,9610
0,9611
4,9612
8,9613
0,9614
7,9615
2,9616
1,9617
8,9618
6,9619
1,9620
5,9621
4,9622
3,9623
1,9624
5,9625
9,9626
9,9627
4,9628
8,9629
4,9630
4,9631
4,9632
8,9633
1,9634
5,9635
8,9636
2,9637
6,9638
5,9639
4,9640
0,9641
7,9642
4,9643
4,9644
1,9645
9,9646
8,9647
4,9648
3,9649
4,9650
0,9651
4,9652
3,9653
0,9654
8,9655
9,9656
4,9657
0,9658
2,9659
1,9660
2,9661
1,9662
9,9663
5,9664
7,9665
9,9666
4,9667
0,9668
3,9669
9,9670
7,9671
7,9672
9,9673
9,9674
7,9675
2,9676
5,9677
9,9678
2,9679
1,9680
3,9681
9,9682
2,9683
2,9684
3,9685
5,9686
4,9687
8,9688
4,9689
1,9690
9,9691
2,9692
2,9693
3,9694
1,9695
8,9696
8,9697
9,9698
0,9699
0,9700
3,9701
5,9702
9,9703
7,9704
4,9705
4,9706
2,9707
9,9708
4,9709
9,9710
7,9711
9,9712
6,9713
0,9714
3,9715
6,9716
3,9717
7,9718
3,9719
1,9720
1,9721
5,9722
1,9723
3,9724
2,9725
1,9726
1,9727
4,9728
4,9729
2,9730
6,9731
9,9732
9,9733
7,9734
1,9735
7,9736
4,9737
4,9738
7,9739
3,9740
8,9741
0,9742
9,9743
9,9744
5,9745
4,9746
0,9747
0,9748
9,9749
5,9750
3,9751
5,9752
8,9753
9,9754
4,9755
8,9756
3,9757
0,9758
2,9759
8,9760
7,9761
0,9762
8,9763
3,9764
8,9765
9,9766
4,9767
1,9768
7,9769
2,9770
1,9771
2,9772
9,9773
2,9774
6,9775
3,9776
0,9777
9,9778
3,9779
2,9780
4,9781
7,9782
4,9783
1,9784
4,9785
1,9786
3,9787
7,9788
8,9789
3,9790
9,9791
2,9792
2,9793
1,9794
1,9795
8,9796
1,9797
6,9798
9,9799
0,9800
9,9801
4,9802
5,9803
8,9804
7,9805
7,9806
5,9807
6,9808
6,9809
1,9810
8,9811
7,9812
5,9813
7,9814
8,9815
0,9816
3,9817
5,9818
0,9819
5,9820
5,9821
7,9822
3,9823
9,9824
7,9825
1,9826
3,9827
2,9828
6,9829
9,9830
7,9831
1,9832
6,9833
5,9834
0,9835
3,9836
2,9837
1,9838
4,9839
5,9840
0,9841
1,9842
1,9843
4,9844
9,9845
0,9846
6,9847
5,9848
7,9849
6,9850
3,9851
7,9852
9,9853
7,9854
2,9855
8,9856
8,9857
9,9858
9,9859
0,9860
7,9861
2,9862
9,9863
2,9864
2,9865
8,9866
9,9867
2,9868
6,9869
1,9870
3,9871
9,9872
8,9873
4,9874
0,9875
9,9876
9,9877
3,9878
4,9879
7,9880
8,9881
4,9882
2,9883
8,9884
4,9885
3,9886
6,9887
3,9888
0,9889
5,9890
5,9891
5,9892
1,9893
6,9894
3,9895
6,9896
7,9897
9,9898
1,9899
3,9900
5,9901
6,9902
2,9903
6,9904
9,9905
1,9906
0,9907
7,9908
5,9909
9,9910
6,9911
4,9912
9,9913
1,9914
8,9915
8,9916
0,9917
8,9918
8,9919
0,9920
2,9921
6,9922
5,9923
2,9924
7,9925
5,9926
7,9927
6,9928
2,9929
9,9930
5,9931
6,9932
1,9933
5,9934
4,9935
7,9936
8,9937
9,9938
1,9939
6,9940
8,9941
0,9942
7,9943
0,9944
3,9945
5,9946
9,9947
8,9948
1,9949
1,9950
6,9951
4,9952
4,9953
5,9954
4,9955
6,9956
9,9957
3,9958
3,9959
9,9960
2,9961
7,9962
9,9963
2,9964
5,9965
9,9966
3,9967
3,9968
9,9969
8,9970
7,9971
4,9972
3,9973
4,9974
8,9975
1,9976
2,9977
5,9978
7,9979
1,9980
6,9981
2,9982
1,9983
1,9984
4,9985
9,9986
3,9987
4,9988
6,9989
7,9990
0,9991
3,9992
8,9993
2,9994
2,9995
5,9996
8,9997
4,9998
9,9999
3,10000
